Ek_Özellikler,Güç_W,Çıkarılabilir_Hazne,Zamanlayıcı,Kapasite,Hazne_Sayısı,Türü,Kontrol_Paneli,price,marka,Renk,Materyal,Yağ
LED Ekran,1500,Var,Var,"3 - 3,9 lt",Tek,Yağsız_Airfryer,Dokunmatik,1.990,Xiaomi,,,
Isı Ayarı,1500,Var,Var,"3 - 3,9 lt",Tek,Yağsız_Airfryer,Mekanik,989,Altus,Siyah,Plastik,
Zamanlayıcı,1800,Var,Var,,Çift,Yağsız_Airfryer,Dokunmatik,8.899,Tefal,,Plastik,
Zamanlayıcı,1800,Var,Var,,Çift,Yağsız_Airfryer,Dokunmatik,4.963,Tefal,,Plastik,
,1700,Var,,"5 - 5,9 lt",,,,4.799,Philips,,,
,2225,Var,Var,6 lt ve Üzeri,Tek,Yağsız_Airfryer,Dokunmatik,6.199,Philips,Siyah,Plastik,
LED Ekran,1800,Var,Var,6 lt ve Üzeri,Tek,Yağsız_Airfryer,Dokunmatik,1.799,Yui,,Metal,
,2200,Var,,,,,,10.399,Philips,,,
LED Ekran,1500,Var,Var,,Tek,Yağsız_Airfryer,Dokunmatik,3.640,Xiaomi,Siyah,Plastik,
LED Ekran,1350,Var,Var,"3 - 3,9 lt",Tek,Yağsız_Airfryer,Dokunmatik,1.099,Yasomi,,Plastik,
LED Ekran,1550,Var,Var,,Tek,Yağsız_Airfryer,Dokunmatik,2.549,Karaca,,Metal,
,1550,Var,,"4 - 4,9 lt",,,,2.999,Philips,,,
LED Ekran,1400,Var,Var,"4 - 4,9 lt",Tek,Yağsız_Airfryer,Dokunmatik,3.119,Philips,,Plastik,
LED Ekran,1500,Var,Var,,Tek,Yağsız_Airfryer,Dokunmatik,1.299,Sinbo,,Plastik,
Isı Ayarı,1350,Var,Var,"4 - 4,9 lt",Tek,Yağsız_Airfryer,Mekanik,1.651,ARZUM,,Plastik,
LED Ekran,2250,Var,Var,,Tek,Yağsız_Airfryer,Mekanik,9.299,Philips,,,
Isı Ayarı,1200,Var,Var,"5 - 5,9 lt",Tek,Yağsız_Airfryer,Dokunmatik,1.199,Taotronics,Siyah - Gri,Plastik,
,2200,Var,,6 lt ve Üzeri,,,,9.399,Philips,,,
Isı Ayarı,2000,Var,,,,,,6.199,Philips,,,
,1800,Var,,,,,,1.899,Kumtel,,,
Isı Ayarı,1550,Var,Var,,Tek,Yağsız_Airfryer,Dokunmatik,1.949,Karaca,,Metal,
Isı Ayarı,1700,Var,Var,,Tek,Yağsız_Airfryer,Dokunmatik,1.999,Hutt,Gri,Plastik,
LED Ekran,1400,Var,Var,"4 - 4,9 lt",Tek,Yağsız_Airfryer,Dokunmatik,3.199,Philips,,Plastik,
Isı Ayarı,1500,Var,Var,,Tek,Yağsız_Airfryer,Mekanik,2.669,Xiaomi,Beyaz,Plastik,
Zamanlayıcı,1550,Var,Var,"4 - 4,9 lt",Tek,Yağsız_Airfryer,Mekanik,2.897,Tefal,,,
LED Ekran,1300,Var,Var,"3 - 3,9 lt",Tek,Yağsız_Airfryer,Mekanik,2.000,Karaca,Beyaz,Plastik,
Isı Ayarı,2600,Var,Var,6 lt ve Üzeri,Çift,Yağsız_Airfryer,Dokunmatik,3.549,Hutt,,,
Isı Ayarı,1500,Var,Var,"3 - 3,9 lt",Tek,Yağsız_Airfryer,Dokunmatik,1.198,Yui,,,
Zamanlayıcı,1800,Var,Var,6 lt ve Üzeri,Tek,Yağsız_Airfryer,Dokunmatik,2.499,Yui,,Plastik,
Zamanlayıcı,1550,Var,Var,"4 - 4,9 lt",Tek,Yağsız_Airfryer,Mekanik,5.999,Tefal,,,
Isı Ayarı,1900,Var,Var,6 lt ve Üzeri,Tek,,Dokunmatik,3.499,Grundig,,Plastik,
LED Ekran,1500,Var,Var,,Tek,Yağsız_Airfryer,Dokunmatik,1.798,Kumtel,,,
LED Ekran,1700,Var,Var,6 lt ve Üzeri,Çift,Yağsız_Airfryer,Dokunmatik,2.499,HUTT,Siyah,Plastik,
LED Ekran,1500,Var,,,,,,2.229,Homend,,,
Zamanlayıcı,1550,Var,Var,"3 - 3,9 lt",Tek,Yağsız_Airfryer,Dokunmatik,1.799,Tefal,,Plastik,
LED Ekran,1700,Var,Var,6 lt ve Üzeri,Tek,Yağsız_Airfryer,Dokunmatik,7.499,Tefal,,,
,1800,Var,,,,,,1.999,Kumtel,,,
,2200,Var,,6 lt ve Üzeri,,,,9.399,Philips,,,
,2225,Var,Var,6 lt ve Üzeri,Tek,Yağsız_Airfryer,Dokunmatik,6.199,Philips,Siyah,Plastik,
Isı Ayarı,1500,Var,Var,"4 - 4,9 lt",Tek,Yağsız_Airfryer,Dokunmatik,1.249,Yui,,,
LED Ekran,2000,Var,Var,,Tek,Yağsız_Airfryer,Dokunmatik,4.511,Philips,,Metal,
,1750,Yok,,6 lt ve Üzeri,,,,1.999,Altus,,,
Isı Ayarı,1400,Var,Var,"4 - 4,9 lt",Tek,Yağsız_Airfryer,Dokunmatik,2.999,Philips,Gri,Plastik,
,2000,Var,,,,,,3.699,Vestel,,,
Isı Ayarı,2850,Var,Var,,Çift,Yağsız_Airfryer,Dokunmatik,3.499,Yasomi,Beyaz,Plastik,
Isı Ayarı,2850,Var,Var,,Çift,Yağsız_Airfryer,Dokunmatik,3.499,Yasomi,Siyah,Plastik,
LED Ekran,1300,Var,Var,,Tek,Yağsız_Airfryer,Dokunmatik,1.499,RossClean,Siyah,Plastik,
Çıkarılabilir Üst Kapak,1300,Var,Var,"3 - 3,9 lt",Tek,Yağsız_Airfryer,Dokunmatik,2.229,Grundig,,,
Zamanlayıcı,1700,Var,,6 lt ve Üzeri,,,,4.299,Karaca,,,
Isı Ayarı,1850,Var,Var,"5 - 5,9 lt",Tek,Yağsız_Airfryer,Dokunmatik,2.789,Luxell,Gri,Plastik,
Isı Ayarı,1500,Var,Var,,Tek,Yağsız_Airfryer,Dokunmatik,2.999,Yasomi,,Metal,
Çıkarılabilir Üst Kapak,2200,Var,Var,6 lt ve Üzeri,Tek,Yağsız_Airfryer,Dokunmatik,8.709,Philips,Siyah,Plastik,
Çıkarılabilir Üst Kapak,1000,Yok,,6 lt ve Üzeri,,,,220,Arztech,,,
Zamanlayıcı,1500,Var,Var,"5 - 5,9 lt",Tek,Yağsız_Airfryer,Mekanik,1.449,Luxell,,Metal,
LED Ekran,1500,Var,,,,,,6.999,Instant,,,
Isı Ayarı,1800,Var,Var,6 lt ve Üzeri,Tek,Yağsız_Airfryer,Dokunmatik,2.699,Onvo,Siyah,,
Isı Ayarı,1700,Var,Var,"5 - 5,9 lt",Tek,Yağsız_Airfryer,Dokunmatik,3.049,Cosori,,Metal,
,2600,Var,Var,6 lt ve Üzeri,Çift,Yağsız_Airfryer,Dokunmatik,3.899,Hutt,,,
Isı Ayarı,1900,Var,,,,,,2.631,Schafer,,,
Isı Ayarı,2000,Var,Var,,Tek,Yağsız_Airfryer,Dokunmatik,2.999,Yasomi,Siyah,Plastik,
,1800,Var,,6 lt ve Üzeri,,,,4.610,Xiaomi,,,
Zamanlayıcı,1400,Var,Var,"4 - 4,9 lt",Tek,Yağsız_Airfryer,Dokunmatik,4.849,Tefal,,,
LED Ekran,1650,Var,Var,,Tek,Yağsız_Airfryer,Dokunmatik,3.699,Yasomi,İnox,Metal,
LED Ekran,2500,Var,,6 lt ve Üzeri,Çift,,,5.499,Karaca,,,
LED Ekran,1700,Var,Var,6 lt ve Üzeri,Tek,Yağsız_Airfryer,Dokunmatik,7.499,Tefal,,,
LED Ekran,1700,Var,Var,6 lt ve Üzeri,Tek,Yağsız_Airfryer,Dokunmatik,2.999,Yasomi,,Plastik,
,1000,Yok,,,,,,849,Yui,,,
Isı Ayarı,1900,Var,Var,6 lt ve Üzeri,Tek,,Dokunmatik,3.499,Grundig,,Plastik,
LED Ekran,1300,Var,Var,,Tek,Yağsız_Airfryer,Dokunmatik,1.499,RossClean,Siyah,Plastik,
Otomatik Kapanma,1650,Var,Var,6 lt ve Üzeri,Çift,Yağsız_Airfryer,Dokunmatik,5.799,Tefal,,,
LED Ekran,1800,Var,Var,6 lt ve Üzeri,Tek,Yağsız_Airfryer,Dokunmatik,2.699,Onvo,Gri,Plastik,
LED Ekran,2800,Yok,,,,,,4.750,Fakir,,,
LED Ekran,1700,Var,Var,6 lt ve Üzeri,Tek,Yağsız_Airfryer,Dokunmatik,2.199,Onvo,Siyah,Metal,
Zamanlayıcı,1400,Var,Var,"5 - 5,9 lt",Tek,Yağsız_Airfryer,Mekanik,1.549,Kiwi,Siyah,Plastik,
Isı Ayarı,1800,Var,Var,6 lt ve Üzeri,,Yağsız_Airfryer,Dokunmatik,2.942,Onvo,,,
Çıkarılabilir Üst Kapak,2400,Var,Var,"3 - 3,9 lt",Tek,Yağlı,Mekanik,2.499,Karaca,,Metal,
Zamanlayıcı,1800,Var,Var,6 lt ve Üzeri,Tek,Yağsız_Airfryer,Mekanik,3.349,Kumtel,Siyah,Metal,
Isı Ayarı,1500,Var,,6 lt ve Üzeri,Tek,,Dokunmatik,6.399,Instant,Siyah - Gri,,
LED Ekran,1700,Var,,,,,,4.999,Karaca,,,
Isı Ayarı,1750,Var,Var,,Tek,Yağsız_Airfryer,Mekanik,3.609,Arzum,,Plastik,
Zamanlayıcı,1500,Var,Var,"5 - 5,9 lt",Tek,Yağsız_Airfryer,Mekanik,2.002,Kumtel,Siyah,Metal,
Isı Ayarı,1700,Var,,"5 - 5,9 lt",Tek,Yağsız_Airfryer,Mekanik,2.999,Instant,Siyah,Plastik,
,1550,Var,,"4 - 4,9 lt",,,,3.799,Karaca,,,
LED Ekran,1500,Var,,,,,,1.799,Homend,,,
Zamanlayıcı,900,Var,Var,,Tek,Yağsız_Airfryer,Mekanik,888,Kumtel,,Plastik,
,1700,Var,,,,,,2.299,Uniwho,,,
Isı Ayarı,1800,Var,Var,6 lt ve Üzeri,Tek,Yağsız_Airfryer,Dokunmatik,3.099,Yui,,Plastik,
LED Ekran,2500,Var,,6 lt ve Üzeri,Çift,,,5.499,Karaca,,,
LED Ekran,1700,Var,Var,,Çift,Yağsız_Airfryer,Mekanik,3.999,Instant,Siyah,Plastik,
,1300,Yok,,,,,,749,Yui,,,
Otomatik Kapanma,1500,Var,Var,"4 - 4,9 lt",Tek,Yağsız_Airfryer,Dokunmatik,1.499,Yasomi,,,
,2000,Var,,,,,,3.699,Vestel,,,
,1800,Var,Var,6 lt ve Üzeri,Tek,Yağsız_Airfryer,Dokunmatik,2.549,Groove,,Plastik,
LED Ekran,1700,Var,Var,"5 - 5,9 lt",Tek,Yağsız_Airfryer,Dokunmatik,3.210,Cosori,,,
,2400,Var,,6 lt ve Üzeri,Çift,Yağsız_Airfryer,Dokunmatik,4.000,Grundig,,Plastik,
,1700,Yok,,6 lt ve Üzeri,,,,5.999,Robx,,,
Isı Ayarı,1400,Var,Var,"4 - 4,9 lt",,Yağsız_Airfryer,Dokunmatik,3.430,Phılıps,,,
Otomatik Kapanma,1800,Var,Var,6 lt ve Üzeri,Tek,Yağsız_Airfryer,Dokunmatik,5.990,Mi,,Plastik,
,1800,Var,,,,,,2.949,Hutt,,,
,1000,Var,,"2 - 2,9 lt",,Yağsız_Airfryer,,1.499,Karaca,,Plastik,
Zamanlayıcı,1500,Var,Var,"5 - 5,9 lt",Tek,Yağsız_Airfryer,Mekanik,1.429,Luxell,Siyah - Gold,Plastik,
"Zamanlayıcı, Isı Ayarı",1600,Yok,,"2 - 2,9 lt",Tek,Yağlı,Mekanik,1.400,Aksu,Beyaz,Plastik,
LED Ekran,1500,Var,Var,"4 - 4,9 lt",Tek,Yağsız_Airfryer,Dokunmatik,1.900,Wiami,,Plastik,
"Çıkarılabilir Üst Kapak, Isı Ayarı",1500,Var,,"1 - 1,9 lt",Tek,Yağlı,Mekanik,1.850,Fakir,,Metal,
LED Ekran,1500,Var,Var,6 lt ve Üzeri,Tek,Yağsız_Airfryer,Dokunmatik,4.999,Xiaomi,,Metal,
LED Ekran,1500,Var,,,,,,2.499,Vestel,,,
Isı Ayarı,1500,Var,Var,,Tek,Yağsız_Airfryer,Dokunmatik,2.999,Yasomi,,Metal,
LED Ekran,1800,Var,Var,"5 - 5,9 lt",Tek,Yağsız_Airfryer,Dokunmatik,1.793,Tmarkt,,Plastik,
,1800,Var,Var,6 lt ve Üzeri,Tek,Yağsız_Airfryer,Dokunmatik,3.549,Robx,,,
Zamanlayıcı,1500,Var,Var,,Tek,Yağsız_Airfryer,Mekanik,1.589,Fakir,,Plastik,
Zamanlayıcı,1500,Var,Var,,Tek,Yağsız_Airfryer,Mekanik,1.189,Sinbo,Siyah,Plastik,
LED Ekran,1550,Var,Var,"4 - 4,9 lt",Tek,Yağsız_Airfryer,Dokunmatik,4.399,Karaca,,Plastik,
Zamanlayıcı,1900,Var,Var,"5 - 5,9 lt",Tek,Yağsız_Airfryer,Dokunmatik,3.039,Schafer,Siyah,,
LED Ekran,1700,Var,Var,6 lt ve Üzeri,Tek,Yağsız_Airfryer,Dokunmatik,7.219,Cosori,,Metal,
Zamanlayıcı,1500,Var,Var,"5 - 5,9 lt",Tek,Yağsız_Airfryer,Mekanik,1.529,Taç,Siyah,Plastik,
Isı Ayarı,2850,Var,Var,,Çift,Yağsız_Airfryer,Dokunmatik,3.499,Yasomi,Beyaz,Plastik,
,1700,Var,,6 lt ve Üzeri,,,,4.999,Karaca,,,
LED Ekran,1500,Var,Var,"4 - 4,9 lt",Tek,Yağsız_Airfryer,Dokunmatik,2.979,Cosorı,,,
,1700,Var,,"5 - 5,9 lt",Tek,,,3.500,Stilevs,,,
Isı Ayarı,1500,Var,Var,,Tek,Yağsız_Airfryer,Mekanik,1.519,Schafer,,,
Isı Ayarı,2225,Var,Var,6 lt ve Üzeri,Tek,Yağsız_Airfryer,Mekanik,6.799,Philips,Siyah,Plastik,
LED Ekran,1400,Var,Var,"4 - 4,9 lt",Tek,Yağsız_Airfryer,Dokunmatik,1.699,Kıwı,,Plastik,
LED Ekran,1750,Var,,,,,,3.749,Fakir,,,
Isı Ayarı,2000,Var,Var,,Tek,Yağsız_Airfryer,Dokunmatik,2.999,Yasomi,Siyah,Plastik,
Isı Ayarı,1500,Var,Var,"5 - 5,9 lt",Tek,Yağsız_Airfryer,Mekanik,1.379,Cvs,Siyah,Plastik,
Isı Ayarı,1700,Var,Var,6 lt ve Üzeri,Çift,Yağsız_Airfryer,Mekanik,5.499,Instant,Siyah - Gri,Plastik,
Isı Ayarı,1500,Var,Var,,Tek,Yağsız_Airfryer,Dokunmatik,1.799,Robx,Kırmızı,Plastik,
Zamanlayıcı,1600,Yok,Var,6 lt ve Üzeri,Üçlü,Yağsız_Airfryer,Dokunmatik,5.224,Kiwi,,Plastik,
Zamanlayıcı,1700,Var,Var,6 lt ve Üzeri,Tek,Yağsız_Airfryer,Dokunmatik,3.799,Robx,,,
LED Ekran,1500,Var,Var,6 lt ve Üzeri,Tek,Yağsız_Airfryer,Dokunmatik,2.499,KitchenMi,,Metal,
LED Ekran,1800,Var,Var,6 lt ve Üzeri,Çift,,Dokunmatik,3.699,Groove,,Plastik,
LED Ekran,1500,Var,Var,"3 - 3,9 lt",Tek,Yağsız_Airfryer,Dokunmatik,1.349,HUTT,,,
LED Ekran,1400,Var,Var,,Tek,Yağsız_Airfryer,Dokunmatik,2.899,2you,Beyaz,Plastik,
,2000,Var,,"5 - 5,9 lt",,,,1.999,Wiami,,,
Isı Ayarı,900,Yok,,,,,,129,150,,,
LED Ekran,1500,Yok,Var,,Tek,Yağsız_Airfryer,Dokunmatik,1.999,Yasomi,,Plastik,
LED Ekran,1500,Var,Var,"1 - 1,9 lt",Tek,Yağsız_Airfryer,Dokunmatik,2.849,TEFAL,Beyaz,Plastik,
LED Ekran,1800,Var,Var,"5 - 5,9 lt",Tek,Yağsız_Airfryer,Dokunmatik,5.550,Electrolux,Gri,Metal,
Isı Ayarı,1500,Var,,,,,,999,Masterpro,,,
Isı Ayarı,1500,Var,,,,,,4.180,Kumtel,Siyah,,
Isı Ayarı,1500,Var,,"3 - 3,9 lt",Tek,,,2.999,Beko,,,
,2400,Var,Var,6 lt ve Üzeri,Çift,Yağsız_Airfryer,Dokunmatik,3.699,Robx,,,
LED Ekran,1500,Var,Var,"4 - 4,9 lt",Tek,Yağsız_Airfryer,Dokunmatik,2.399,Xiaomi,,Plastik,
,1700,Var,,"4 - 4,9 lt",,,,59,Arnillo,,,
LED Ekran,2500,Var,,6 lt ve Üzeri,Çift,,,5.499,Karaca,,,
LED Ekran,1000,Var,Var,"3 - 3,9 lt",Tek,Yağsız_Airfryer,Dokunmatik,1.413,Deerma,,Metal,
LED Ekran,1300,Var,Var,,Tek,Yağsız_Airfryer,Dokunmatik,1.499,RossClean,Beyaz,Plastik,
"Isı Ayarı, Zamanlayıcı",1350,Var,Var,"1 - 1,9 lt",Tek,Yağsız_Airfryer,Dokunmatik,4.100,Tefal,Beyaz,Metal,
,1800,Var,Var,6 lt ve Üzeri,,Yağsız_Airfryer,,3.499,Kiwi,,,
Isı Ayarı,900,Var,,"0,9 lt ve Altı",Tek,Yağlı,Mekanik,2.199,Korkmaz,,,
LED Ekran,1800,Var,Var,"2 - 2,9 lt",Tek,Yağlı,Mekanik,11.850,Tefal,,Plastik,
LED Ekran,1500,Var,Var,,Tek,Yağsız_Airfryer,Dokunmatik,2.789,Beko,,Plastik,
Isı Ayarı,1350,Yok,Var,,Tek,Yağsız_Airfryer,Dokunmatik,1.399,Yasomi,Beyaz,Metal,
,2350,Var,,,,,,2.499,Kiwi,,,
LED Ekran,1750,Var,Var,,Tek,Yağsız_Airfryer,Dokunmatik,7.799,Russell,Siyah,Plastik,
"Isı Ayarı, Zamanlayıcı",1900,Var,Yok,"2 - 2,9 lt",Tek,Yağlı,Mekanik,8.749,Tefal,Beyaz,Metal,
Isı Ayarı,1700,Var,Var,6 lt ve Üzeri,Tek,Yağsız_Airfryer,Mekanik,2.230,Onvo,Bej,Plastik,
Isı Ayarı,900,Yok,,,,,,191,200,,,
,2800,Var,Var,6 lt ve Üzeri,Çift,Yağsız_Airfryer,,3.299,Yui,,,
LED Ekran,1500,Var,Var,6 lt ve Üzeri,Tek,Yağsız_Airfryer,Dokunmatik,2.499,KitchenMi,,Metal,
LED Ekran,1600,Var,Var,,Tek,Yağsız_Airfryer,Dokunmatik,2.875,Russell,Siyah,Plastik,
Isı Ayarı,700,Var,,,,,,2.895,Karaca,,,
Çıkarılabilir Üst Kapak,1500,Yok,,,,,,799,Yasomi,,,
Çıkarılabilir Üst Kapak,1500,Var,Var,"3 - 3,9 lt",Tek,Yağsız_Airfryer,Dokunmatik,2.799,Grundig,,,
,1030,Yok,,,,,,59,Arnillo,,,
,1800,Var,Var,6 lt ve Üzeri,Tek,Yağsız_Airfryer,Dokunmatik,2.549,Groove,,Plastik,
LED Ekran,1500,Var,Var,"3 - 3,9 lt",Tek,Yağsız_Airfryer,Dokunmatik,1.557,Onemoon,,Plastik,
LED Ekran,1650,Var,Var,,Tek,Yağsız_Airfryer,Dokunmatik,3.699,Yasomi,İnox,Metal,
Isı Ayarı,1500,Var,,6 lt ve Üzeri,,,,2.499,Arztech,,,
LED Ekran,1800,Var,Var,"5 - 5,9 lt",Tek,Yağsız_Airfryer,Dokunmatik,3.990,Kenwood,,Plastik,
Isı Ayarı,1500,Var,Var,,Tek,Yağsız_Airfryer,Dokunmatik,4.165,Electrolux,,Metal,
LED Ekran,1500,Var,,,,,,3.489,Jumbo,,,
Isı Ayarı,2500,Var,Yok,"5 - 5,9 lt",Çift,Yağlı,Mekanik,4.250,Üret,Gri,Metal,
Isı Ayarı,1000,Var,Var,"2 - 2,9 lt",Tek,Yağsız_Airfryer,Mekanik,1.655,Conti,,,
LED Ekran,1500,Var,Var,,Tek,Yağsız_Airfryer,Dokunmatik,2.399,Vestel,,,
Zamanlayıcı,2000,Var,,,,,,3.099,Goldmaster,,,
LED Ekran,2000,Var,,"3 - 3,9 lt",,,,7.499,Yasomi,,,
,1000,Var,,"3 - 3,9 lt",,,,1.545,Wiami,,,
Isı Ayarı,1800,Var,Var,6 lt ve Üzeri,Tek,Yağsız_Airfryer,Mekanik,8.999,Fabcio,,Metal,
Isı Ayarı,1500,Var,,,,,,699,Xiaomi,,,
LED Ekran,1700,Var,Var,,Tek,Yağsız_Airfryer,Dokunmatik,1.649,2you,İnox,Metal,
"Çıkarılabilir Üst Kapak, Isı Ayarı",1500,Var,,"1 - 1,9 lt",Tek,Yağlı,Mekanik,3.100,Arnica,Beyaz,Plastik,
"Zamanlayıcı, Çıkarılabilir Üst Kapak, Isı Ayarı",2000,Var,,"2 - 2,9 lt",Tek,Yağlı,Mekanik,2.499,Goldmaster,Beyaz,,
Isı Ayarı,1700,Var,Var,6 lt ve Üzeri,Tek,Yağsız_Airfryer,Dokunmatik,3.799,Goldmaster,,Metal,
LED Ekran,1550,Var,,,,,,6.990,Kenwood,,,
Isı Ayarı,1000,Var,Var,"0,9 lt ve Altı",Tek,Yağlı,Dokunmatik,17.572,Philips,,Plastik,
"Zamanlayıcı, Çıkarılabilir Üst Kapak, Isı Ayarı",2000,Var,,"2 - 2,9 lt",Tek,Yağlı,Mekanik,2.949,Fakir,Beyaz,Plastik,
LED Ekran,2225,Var,Var,6 lt ve Üzeri,Tek,Yağsız_Airfryer,Dokunmatik,9.499,Philips,,Plastik,
LED Ekran,1500,Var,Var,"5 - 5,9 lt",Tek,Yağsız_Airfryer,Dokunmatik,3.299,Tigre,,Metal,
,1000,Var,,"0,9 lt ve Altı",,,,102,Blackcraft,,,
Isı Ayarı,1700,Var,,6 lt ve Üzeri,,,,5.599,Instant,,,
Isı Ayarı,1100,Yok,,"5 - 5,9 lt",,,,6.399,Arçelik,,,
LED Ekran,1400,Var,Var,"4 - 4,9 lt",Tek,Yağsız_Airfryer,Dokunmatik,4.699,Airfryer,,Plastik,
,1000,Var,,"2 - 2,9 lt",,,,699,Luxell,,,
Isı Ayarı,1400,Var,Yok,"1 - 1,9 lt",Tek,Yağlı,Mekanik,2.600,Beko,Beyaz,Plastik,
Isı Ayarı,1700,Var,,,,,,5.999,Princess,Siyah,,
Isı Ayarı,1800,Var,Var,,Tek,Yağsız_Airfryer,Dokunmatik,3.189,Yui,,Metal,
LED Ekran,1700,Var,Var,,Tek,Yağsız_Airfryer,Dokunmatik,2.499,Lydsto,,Metal,
LED Ekran,1400,Var,Var,6 lt ve Üzeri,Tek,Yağsız_Airfryer,Dokunmatik,4.684,Mutolg,,Plastik,
LED Ekran,1750,Var,Var,6 lt ve Üzeri,Tek,Yağsız_Airfryer,Dokunmatik,5.889,Arçelik,,Metal,
Isı Ayarı,1600,Var,Var,"2 - 2,9 lt",Tek,Yağsız_Airfryer,Mekanik,1.400,King,Siyah,Plastik,
Isı Ayarı,1400,Var,Var,,Tek,Yağsız_Airfryer,Mekanik,2.699,Philips,Siyah,Plastik,
Isı Ayarı,1500,Var,Var,"5 - 5,9 lt",Tek,Yağsız_Airfryer,Dokunmatik,2.149,Cvs,,Metal,
Otomatik Kapanma,1300,Var,Var,6 lt ve Üzeri,Tek,Yağsız_Airfryer,Dokunmatik,2.699,Yasomi,,Plastik,
Isı Ayarı,1750,Var,Var,"5 - 5,9 lt",Tek,Yağsız_Airfryer,Mekanik,3.650,Fakir,,Metal,
Zamanlayıcı,1700,Var,Var,6 lt ve Üzeri,Tek,Yağsız_Airfryer,Dokunmatik,3.799,Tigre,,Metal,
LED Ekran,1500,Var,Var,,Çift,Yağsız_Airfryer,Dokunmatik,12.950,Uniwho,Yeşil,Plastik,
LED Ekran,1700,Var,Var,6 lt ve Üzeri,Çift,Yağsız_Airfryer,Dokunmatik,4.888,KENWOOD,Siyah,Plastik,
LED Ekran,1850,Var,Var,"5 - 5,9 lt",Tek,Yağsız_Airfryer,Dokunmatik,6.499,Tefal,,Metal,
Isı Ayarı,1000,Var,Var,"0,9 lt ve Altı",Tek,Yağlı,Dokunmatik,11.250,Hzl,,Metal,
LED Ekran,1500,Var,,,,,,4.469,Electrolux,,,
,1150,Var,,"0,9 lt ve Altı",,,,5.734,Raycy,,,
Otomatik Kapanma,1700,Var,Var,6 lt ve Üzeri,Tek,Yağsız_Airfryer,Dokunmatik,3.999,Elenberg,,Metal,
,1700,Var,,,,,,2.399,Kochler,,,
,1030,Yok,,,,,,550,Essan,,,
Otomatik Kapanma,1700,Var,Var,6 lt ve Üzeri,Tek,Yağsız_Airfryer,Mekanik,1.989,Dijitsu,,Metal,
Zamanlayıcı,1500,Var,Var,"5 - 5,9 lt",Tek,Yağsız_Airfryer,Dokunmatik,1.699,Taç,Siyah,,
,2500,Var,,6 lt ve Üzeri,,,,6.499,Karaca,,,
LED Ekran,1800,Var,,,,,,7.899,Gourmet,,,
LED Ekran,1600,Yok,,6 lt ve Üzeri,Üçlü,Yağsız_Airfryer,Dokunmatik,3.699,SİNBO,,Metal,
Isı Ayarı,1200,Var,Var,"5 - 5,9 lt",Tek,Yağsız_Airfryer,Dokunmatik,6.490,Dynoas,,,
Zamanlayıcı,1400,Var,Var,"4 - 4,9 lt",Tek,Yağsız_Airfryer,Dokunmatik,2.299,Mi,,Metal,
Zamanlayıcı,1750,Var,Var,"5 - 5,9 lt",Tek,Yağsız_Airfryer,Dokunmatik,9.999,Fakir,,,
LED Ekran,1300,Var,Var,"4 - 4,9 lt",Tek,Yağsız_Airfryer,Dokunmatik,2.195,Pierre,,Metal,
Zamanlayıcı,1700,Var,Var,6 lt ve Üzeri,Tek,Yağsız_Airfryer,Dokunmatik,6.689,Philips,,Plastik,
LED Ekran,1500,Var,Var,"3 - 3,9 lt",Tek,Yağsız_Airfryer,Dokunmatik,2.444,Schafer,,,
LED Ekran,1700,Var,,"3 - 3,9 lt",,,,5.999,Yasomi,,,
Isı Ayarı,2850,Var,Var,,Çift,Yağsız_Airfryer,Dokunmatik,3.499,Yasomi,Siyah,Plastik,
LED Ekran,1300,Yok,Var,,Tek,Yağsız_Airfryer,Mekanik,1.499,Instant,,,
Zamanlayıcı,1550,Var,Var,"4 - 4,9 lt",,Yağsız_Airfryer,Dokunmatik,6.899,Karaca,,,
Otomatik Kapanma,1700,Var,Var,"4 - 4,9 lt",Tek,Yağsız_Airfryer,Dokunmatik,1.799,Lydsto,,Plastik,
LED Ekran,1800,Var,Var,,Tek,Yağsız_Airfryer,Mekanik,3.299,Wiami,,Plastik,
LED Ekran,1400,Var,Var,"4 - 4,9 lt",Tek,Yağsız_Airfryer,Dokunmatik,5.499,Philips,,Plastik,
Otomatik Kapanma,1500,Var,Var,"5 - 5,9 lt",Tek,Yağsız_Airfryer,Dokunmatik,1.999,Dynamic,,Metal,
,1700,Var,,6 lt ve Üzeri,,,,4.999,Karaca,,,
LED Ekran,1300,Var,Var,"4 - 4,9 lt",Tek,Yağsız_Airfryer,Dokunmatik,2.299,Pierre,,Metal,
,2400,Var,,"3 - 3,9 lt",Tek,Yağlı,Mekanik,13.100,Tefal,,Metal,
LED Ekran,1700,Var,,,,,,6.599,Kenwood,,,
Zamanlayıcı,1350,Var,Var,"2 - 2,9 lt",Tek,Yağsız_Airfryer,Mekanik,1.720,Electrolux,,Plastik,
Zamanlayıcı,1500,Var,Var,"1 - 1,9 lt",Tek,Yağsız_Airfryer,Dokunmatik,2.530,Tefal,,Plastik,
,1500,Var,,6 lt ve Üzeri,,,,4.399,Robx,,,
LED Ekran,1800,Var,Var,6 lt ve Üzeri,Çift,Yağsız_Airfryer,Dokunmatik,5.499,Cook,,Metal,
Otomatik Kapanma,1100,Var,Var,"1 - 1,9 lt",Tek,Yağsız_Airfryer,Dokunmatik,1.599,Russell,Siyah,Plastik,
LED Ekran,1800,Var,Var,"2 - 2,9 lt",Tek,Yağlı,Mekanik,7.600,Tefal,,Plastik,
Zamanlayıcı,2225,Var,Var,6 lt ve Üzeri,Tek,Yağsız_Airfryer,Dokunmatik,8.289,Philips,Siyah,Plastik,
,1400,Var,,,,Yağsız_Airfryer,,4.900,Zwilling,,,
Zamanlayıcı,2200,Var,Var,"5 - 5,9 lt",Tek,Yağsız_Airfryer,Dokunmatik,2.768,Onvo,,Metal,
Isı Ayarı,1000,Var,Var,"0,9 lt ve Altı",Tek,Yağlı,Dokunmatik,5.997,Wiami,,Metal,
Isı Ayarı,1000,Var,Var,"0,9 lt ve Altı",Tek,Yağlı,Dokunmatik,4.700,Arnica,,Metal,
,1030,Yok,,,,,,2.000,Filipus,,,
LED Ekran,1500,Yok,Var,6 lt ve Üzeri,Tek,Yağsız_Airfryer,Dokunmatik,14.290,Ardes,,,
Isı Ayarı,2000,Yok,Var,,Çift,Yağsız_Airfryer,Dokunmatik,14.990,Ariete,Siyah,Plastik,
LED Ekran,1400,Var,,"5 - 5,9 lt",,,,11.525,Girmi,,,
Isı Ayarı,1000,Var,Var,"0,9 lt ve Altı",Tek,Yağlı,Dokunmatik,5.247,Kumtel,,Plastik,
,840,Var,,"3 - 3,9 lt",,,,1.711,Smiling,,,
,2200,Var,,6 lt ve Üzeri,,,,14.789,Philips,,,
Isı Ayarı,1000,Var,Var,"5 - 5,9 lt",Tek,Yağlı,Dokunmatik,14.999,Philips,,Metal,
Isı Ayarı,1000,Var,Var,"0,9 lt ve Altı",Tek,Yağlı,Dokunmatik,9.999,Philips,,Plastik,
Isı Ayarı,1000,Var,Var,"5 - 5,9 lt",Tek,Yağlı,Dokunmatik,13.300,Philips,,Plastik,
Isı Ayarı,1300,Yok,Var,"3 - 3,9 lt",Tek,Yağsız_Airfryer,Mekanik,4.999,Grundig,Gri,,
LED Ekran,1500,Var,Var,,Tek,Yağsız_Airfryer,Dokunmatik,4.600,Aeg,,Plastik,
LED Ekran,2000,Var,Var,"5 - 5,9 lt",Tek,Yağsız_Airfryer,Dokunmatik,3.899,Severin,Siyah,,
Isı Ayarı,1300,Var,Var,"3 - 3,9 lt",Tek,Yağsız_Airfryer,Mekanik,2.448,Karaca,,Metal,
LED Ekran,1650,Var,Var,"5 - 5,9 lt",,Yağsız_Airfryer,Dokunmatik,8.599,Severın,,Plastik,
Isı Ayarı,2400,Var,,,,,,2.400,Cvs,,,
,2400,Var,,,,,,5.965,Arçelik,,,
Otomatik Kapanma,1200,Var,Var,"3 - 3,9 lt",Tek,Yağsız_Airfryer,Mekanik,2.999,Miinto,,Plastik,
Isı Ayarı,1000,Var,Var,"0,9 lt ve Altı",Tek,Yağlı,Dokunmatik,4.998,Wiami,,Metal,
Isı Ayarı,2500,Yok,,"3 - 3,9 lt",Tek,Yağlı,Mekanik,2.500,Inox,Gri,Metal,
Isı Ayarı,2500,Var,Yok,"3 - 3,9 lt",Tek,Yağlı,Mekanik,3.900,Üret,Gri,Metal,
Isı Ayarı,1000,Var,Var,"0,9 lt ve Altı",Tek,Yağlı,Dokunmatik,4.200,Queen,,Plastik,
LED Ekran,1500,Var,Var,"4 - 4,9 lt",Tek,Yağsız_Airfryer,Dokunmatik,1.750,Rexon,,Plastik,
Isı Ayarı,1000,Var,Var,"0,9 lt ve Altı",Tek,Yağlı,Dokunmatik,4.098,Vestel,,Metal,
,1650,Var,,,,,,3.429,Sem,,,
LED Ekran,1400,Var,Var,6 lt ve Üzeri,Tek,Yağsız_Airfryer,Dokunmatik,4.650,Lura,,Plastik,
Zamanlayıcı,2225,Var,Var,6 lt ve Üzeri,Tek,Yağsız_Airfryer,Dokunmatik,9.999,Philips,,Plastik,
LED Ekran,1100,Var,Var,6 lt ve Üzeri,Tek,Yağsız_Airfryer,Mekanik,17.999,Philips,,Plastik,
LED Ekran,2225,Var,Var,6 lt ve Üzeri,Tek,Yağsız_Airfryer,Dokunmatik,9.999,Philips,,,
LED Ekran,2225,Var,Var,6 lt ve Üzeri,Tek,Yağsız_Airfryer,Dokunmatik,14.999,Philips,,,
Zamanlayıcı,2225,Var,Var,6 lt ve Üzeri,Tek,Yağsız_Airfryer,Mekanik,13.999,Philips,,Plastik,
Zamanlayıcı,2225,Var,Var,6 lt ve Üzeri,Tek,Yağsız_Airfryer,Mekanik,14.999,Philips,,Plastik,
LED Ekran,2225,Var,Var,6 lt ve Üzeri,Tek,Yağsız_Airfryer,Dokunmatik,10.999,Philips,,Metal,
Zamanlayıcı,1400,Var,Var,"1 - 1,9 lt",Tek,Yağlı,Mekanik,2.990,Arçelik,Beyaz,Plastik,
Isı Ayarı,1000,Var,Var,"5 - 5,9 lt",Tek,Yağlı,Dokunmatik,13.300,Philips,,Plastik,
LED Ekran,1500,Var,Var,,Tek,Yağsız_Airfryer,Dokunmatik,4.600,Aeg,,Plastik,
Isı Ayarı,1300,Yok,Var,"3 - 3,9 lt",Tek,Yağsız_Airfryer,Mekanik,4.999,Grundig,Gri,,
Otomatik Kapanma,2225,Var,Var,6 lt ve Üzeri,,Yağsız_Airfryer,,11.950,Philips,,,
Isı Ayarı,1000,Var,Var,"0,9 lt ve Altı",Tek,Yağlı,Dokunmatik,5.898,Beko,,Plastik,
LED Ekran,1450,Var,,,,,,3.087,Wiami,,,
Isı Ayarı,1000,Var,Var,"0,9 lt ve Altı",Tek,Yağlı,Dokunmatik,4.477,Taç,,Metal,
LED Ekran,1700,Var,Var,6 lt ve Üzeri,Tek,Yağsız_Airfryer,Dokunmatik,3.899,Relux,Gri,Plastik,
Isı Ayarı,1000,Var,Var,"0,9 lt ve Altı",Tek,Yağlı,Dokunmatik,4.998,Karaca,,Plastik,
Çıkarılabilir Üst Kapak,5000,Var,,6 lt ve Üzeri,Çift,Yağlı,Mekanik,4.541,Remta,Gri,Metal,
Isı Ayarı,1200,Yok,Yok,"5 - 5,9 lt",Tek,Yağlı,Mekanik,2.645,Işıkgaz,Gri,Metal,
LED Ekran,1400,Var,Var,6 lt ve Üzeri,Tek,Yağsız_Airfryer,Dokunmatik,4.650,Lura,,Plastik,
Isı Ayarı,1000,Var,Var,"0,9 lt ve Altı",Tek,Yağlı,Dokunmatik,5.997,Wiami,,Metal,
Isı Ayarı,2500,Var,Yok,"3 - 3,9 lt",Tek,Yağlı,Mekanik,3.900,Üret,Gri,Metal,
Isı Ayarı,1700,Var,Var,"5 - 5,9 lt",Tek,Yağsız_Airfryer,Mekanik,2.690,Dalle,,Metal,
Isı Ayarı,1000,Var,Var,"0,9 lt ve Altı",Tek,Yağlı,Dokunmatik,4.098,Vestel,,Metal,
Isı Ayarı,1000,Var,Var,"0,9 lt ve Altı",Tek,Yağlı,Dokunmatik,5.387,Smart,,Plastik,
,1030,Yok,,,,,,420,Essan,,,
Isı Ayarı,1000,Var,Var,"0,9 lt ve Altı",Tek,Yağlı,Dokunmatik,4.700,Arnica,,Metal,
,1030,Yok,,,,,,2.000,Filipus,,,
Isı Ayarı,1000,Var,Var,"0,9 lt ve Altı",Tek,Yağlı,Dokunmatik,4.200,Queen,,Plastik,
,1650,Var,,,,,,3.429,Sem,,,
LED Ekran,1500,Var,Var,"4 - 4,9 lt",Tek,Yağsız_Airfryer,Dokunmatik,1.750,Rexon,,Plastik,
LED Ekran,2000,Var,Var,,Tek,Yağsız_Airfryer,Dokunmatik,3.999,Goldmaster,Gri,Plastik,
Isı Ayarı,1000,Var,Var,"0,9 lt ve Altı",Tek,Yağlı,Dokunmatik,5.247,Kumtel,,Plastik,
,1350,Var,,"5 - 5,9 lt",,,,4.220,Eco,,,
Çıkarılabilir Üst Kapak,800,Var,,,,,,383,A,,Metal,
,1100,Var,,"1 - 1,9 lt",,,,6.081,Chuangli,,,
,950,Var,,6 lt ve Üzeri,,,,5.448,Lele,,,
Isı Ayarı,1400,Var,Var,,Tek,Yağsız_Airfryer,Mekanik,2.868,Beautiful,,Plastik,
,1150,Var,,"0,9 lt ve Altı",,,,5.734,Chuangli,,,
Çıkarılabilir Üst Kapak,800,Var,,,,,,605,A,,Metal,
,1400,Var,,,,,,3.223,Coco,,,
Isı Ayarı,700,Var,,,,,,1.397,Jimmy,,,
LED Ekran,1350,Var,Var,,Tek,Yağsız_Airfryer,Dokunmatik,4.769,Shenzhen,,Metal,
Çıkarılabilir Üst Kapak,800,Var,,,,,,380,Tuz,,Metal,
LED Ekran,1000,Var,,,,,,2.381,Zshskj,,,
Çıkarılabilir Üst Kapak,800,Var,,,,,,674,A,,Metal,
LED Ekran,2225,Var,Var,6 lt ve Üzeri,Tek,Yağsız_Airfryer,Dokunmatik,18.799,Philips,,Paslanmaz Çelik,
Isı Ayarı,1300,Var,Var,,Tek,Yağsız_Airfryer,Dokunmatik,1.580,2you,Siyah,Metal,
LED Ekran,2300,Var,Yok,"2 - 2,9 lt",Tek,Yağlı,Mekanik,2.425,HaiTun,,Metal,
Isı Ayarı,1300,Var,Var,"3 - 3,9 lt",Tek,Yağsız_Airfryer,Mekanik,2.149,Goldmaster,,,
Zamanlayıcı,1000,Var,Var,"2 - 2,9 lt",Tek,Yağsız_Airfryer,Mekanik,999,Kiwi,,Plastik,
LED Ekran,1250,Yok,Var,"5 - 5,9 lt",Tek,Yağsız_Airfryer,Dokunmatik,1.919,Kumtel,,Metal,
,1500,Var,,"5 - 5,9 lt",,,,3.399,Xiaomi,,,
,1000,Var,,"5 - 5,9 lt",,,,7.000,Miinto,,,
LED Ekran,1800,Var,Var,,Tek,Yağsız_Airfryer,Dokunmatik,3.499,N8WERK,,Metal,
Isı Ayarı,1700,Var,Var,,Tek,Yağsız_Airfryer,Dokunmatik,4.416,King,,Metal,
Zamanlayıcı,1600,Var,Var,"5 - 5,9 lt",Tek,Yağsız_Airfryer,Dokunmatik,1.895,Onvo,,Plastik,
LED Ekran,1350,Var,,,,,,3.999,Princess,,,
Isı Ayarı,1000,Var,Var,"5 - 5,9 lt",Tek,Yağlı,Dokunmatik,4.449,Fakir,,Metal,
Isı Ayarı,1700,Var,Var,6 lt ve Üzeri,,Yağsız_Airfryer,Dokunmatik,2.799,Queen,,Metal,
LED Ekran,1700,Var,Var,6 lt ve Üzeri,Tek,Yağsız_Airfryer,Dokunmatik,3.899,Relux,Gri,Plastik,
LED Ekran,1500,Var,Var,"4 - 4,9 lt",Tek,Yağsız_Airfryer,Dokunmatik,3.199,Korkmaz,,Plastik,
LED Ekran,1600,Var,Var,6 lt ve Üzeri,Tek,Yağsız_Airfryer,Dokunmatik,4.499,Kiwi,,Metal,
Isı Ayarı,1000,Var,Var,"5 - 5,9 lt",Tek,Yağlı,Dokunmatik,3.999,Arçelik,,Metal,
Isı Ayarı,1000,Var,Var,"2 - 2,9 lt",Tek,Yağsız_Airfryer,Mekanik,1.540,Conti,,,
LED Ekran,1400,Var,Var,"4 - 4,9 lt",Tek,Yağsız_Airfryer,Dokunmatik,4.499,Tefal,Siyah,Plastik,
Çıkarılabilir Üst Kapak,5000,Var,,6 lt ve Üzeri,Çift,Yağlı,Mekanik,4.541,Remta,Gri,Metal,
Isı Ayarı,1200,Yok,Yok,"5 - 5,9 lt",Tek,Yağlı,Mekanik,2.645,Işıkgaz,Gri,Metal,
Isı Ayarı,1000,Var,Var,"0,9 lt ve Altı",Tek,Yağlı,Dokunmatik,4.998,Karaca,,Plastik,
Çıkarılabilir Üst Kapak,2000,Var,,"3 - 3,9 lt",,,,2.999,Grundig,,,
Isı Ayarı,1000,Var,Var,"0,9 lt ve Altı",Tek,Yağlı,Dokunmatik,3.599,Cosori,,Metal,
"Çıkarılabilir Üst Kapak, Isı Ayarı",1200,Var,,"1 - 1,9 lt",Tek,Yağlı,Mekanik,4.199,AR272,Gri,Metal,
Isı Ayarı,1450,Var,Var,,Tek,Yağsız_Airfryer,Mekanik,1.899,Homend,Krem Rengi - Gold,Plastik,
Isı Ayarı,1500,Var,,"3 - 3,9 lt",Tek,Yağsız_Airfryer,Mekanik,2.999,Lesmons,Beyaz,,
Çıkarılabilir Üst Kapak,225,Yok,,"1 - 1,9 lt",,,,2.470,Weichuang,,,
Isı Ayarı,1000,Var,Var,"0,9 lt ve Altı",Tek,Yağlı,Dokunmatik,5.998,Kenwood,,Plastik,
Zamanlayıcı,2700,Var,Var,6 lt ve Üzeri,Çift,Yağsız_Airfryer,Dokunmatik,13.999,Tefal,,,
Isı Ayarı,1000,Var,Var,"0,9 lt ve Altı",Tek,Yağlı,Dokunmatik,5.097,Kumtel,,Plastik,
Isı Ayarı,900,Var,,"1 - 1,9 lt",,,,7.850,Cecotec,,,
LED Ekran,1500,Var,Var,6 lt ve Üzeri,Tek,Yağsız_Airfryer,Dokunmatik,2.790,Trident,Mavi,,
Zamanlayıcı,1000,Var,Var,"5 - 5,9 lt",Tek,Yağsız_Airfryer,Dokunmatik,2.900,Lorenzo,,Metal,
Zamanlayıcı,1700,Var,Var,"5 - 5,9 lt",Tek,Yağsız_Airfryer,Dokunmatik,4.990,Eratec,,,
Zamanlayıcı,2000,Var,Var,6 lt ve Üzeri,Tek,Yağsız_Airfryer,Dokunmatik,8.689,Xxl,Siyah,Plastik,
Isı Ayarı,1700,Var,Var,"5 - 5,9 lt",Tek,Yağsız_Airfryer,Dokunmatik,2.849,Blaupunkt,,Metal,
Isı Ayarı,1000,Var,Var,"0,9 lt ve Altı",Tek,Yağlı,Dokunmatik,1.540,Airfryer,,Metal,
LED Ekran,1800,Var,Var,6 lt ve Üzeri,Tek,Yağsız_Airfryer,Dokunmatik,5.999,Sk,,Metal,
LED Ekran,1500,Var,,"5 - 5,9 lt",,,,5.103,Gülas,,,
Isı Ayarı,1000,Var,,,,,,5.499,Relux,,,
,1030,Yok,,,,,,648,Essan,,,
Otomatik Kapanma,1650,Var,Var,"5 - 5,9 lt",Tek,Yağsız_Airfryer,Dokunmatik,4.749,Russell,Siyah,Plastik,
Zamanlayıcı,1550,Var,Var,"4 - 4,9 lt",Tek,Yağsız_Airfryer,Dokunmatik,6.699,Karaca,,,
Çıkarılabilir Üst Kapak,1700,Var,Var,,Tek,Yağsız_Airfryer,Dokunmatik,8.784,Problack,Gri,Plastik,
LED Ekran,1800,Var,Var,"5 - 5,9 lt",Tek,Yağsız_Airfryer,Dokunmatik,8.784,Ariete,,Metal,
Isı Ayarı,1000,Var,Var,"0,9 lt ve Altı",Tek,Yağlı,Dokunmatik,4.765,Schafer,,Plastik,
Zamanlayıcı,1650,Var,Var,6 lt ve Üzeri,Tek,Yağsız_Airfryer,Dokunmatik,14.999,Tefal,,Paslanmaz Çelik,
Isı Ayarı,1550,Var,Var,"4 - 4,9 lt",Tek,Yağsız_Airfryer,Dokunmatik,6.989,Karaca,,Plastik,
LED Ekran,1700,Var,Yok,"5 - 5,9 lt",Tek,Yağsız_Airfryer,Dokunmatik,2.899,Proscenic,,,
Isı Ayarı,1000,Var,Var,"0,9 lt ve Altı",Tek,Yağlı,Dokunmatik,5.720,Karaca,,Metal,
Otomatik Kapanma,2225,Var,Var,6 lt ve Üzeri,,Yağsız_Airfryer,,17.999,Philips,,,
Zamanlayıcı,2200,Var,,,,,,3.059,Pierre,,,
LED Ekran,1700,Var,,6 lt ve Üzeri,Tek,Yağsız_Airfryer,Dokunmatik,2.949,HİKING,,,
Isı Ayarı,1000,Var,Var,"0,9 lt ve Altı",Tek,Yağlı,Dokunmatik,1.499,Yasomi,,Metal,
LED Ekran,1800,Var,Var,"5 - 5,9 lt",,Yağsız_Airfryer,Dokunmatik,12.999,Electrolux,,Metal,
Isı Ayarı,1300,Var,Var,"3 - 3,9 lt",Tek,Yağsız_Airfryer,Mekanik,1.994,Karaca,,Metal,
LED Ekran,1700,Var,Var,"5 - 5,9 lt",Tek,Yağsız_Airfryer,Dokunmatik,4.024,Cosori,,,
,1400,Var,,,,,,3.790,Philips,,,
LED Ekran,1700,Var,Var,,Tek,Yağsız_Airfryer,Dokunmatik,3.699,Goldmaster,Gri,Plastik,
Isı Ayarı,900,Yok,,,,,,123,100,,,
LED Ekran,1400,Var,Yok,"4 - 4,9 lt",Tek,Yağsız_Airfryer,Dokunmatik,5.024,Philips,Siyah,Plastik,
Isı Ayarı,1000,Var,,"3 - 3,9 lt",,,,9.199,Girmi,,,
,1000,Var,,"1 - 1,9 lt",,,,7.835,Moulinex,,,
LED Ekran,1700,Var,,6 lt ve Üzeri,,,,11.590,Girmi,,,
Çıkarılabilir Üst Kapak,1800,Var,,"1 - 1,9 lt",,,,14.290,Delonghi,,,
Isı Ayarı,1000,Var,Var,"0,9 lt ve Altı",Tek,Yağlı,Dokunmatik,5.499,Fakir,,Plastik,
"Zamanlayıcı, LED Ekran, Çıkarılabilir Üst Kapak, Isı Ayarı",1800,Var,,"2 - 2,9 lt",Tek,Yağlı,Mekanik,19.890,Tefal,Beyaz,,
Isı Ayarı,1000,Var,Var,"0,9 lt ve Altı",Tek,Yağlı,Dokunmatik,2.390,Kumtel,,Plastik,
Isı Ayarı,8000,Var,Yok,6 lt ve Üzeri,Çift,Yağlı,Mekanik,20.746,Drn,Gri,Metal,
Isı Ayarı,900,Yok,,,,,,123,100,,,
Isı Ayarı,1000,Var,Var,"0,9 lt ve Altı",Tek,Yağlı,Dokunmatik,8.125,Philips,,Metal,
,1030,Yok,,,,,,436,EC,,,
Isı Ayarı,1000,Var,Var,"0,9 lt ve Altı",Tek,Yağlı,Dokunmatik,5.367,Brands,,Metal,
,1030,Yok,,,,,,648,Essan,,,
Isı Ayarı,1000,Var,,,,,,5.499,Relux,,,
LED Ekran,1500,Var,,"5 - 5,9 lt",,,,5.103,Gülas,,,
Isı Ayarı,1000,Var,Var,"0,9 lt ve Altı",Tek,Yağlı,Dokunmatik,1.540,Airfryer,,Metal,
LED Ekran,1800,Var,Var,6 lt ve Üzeri,Tek,Yağsız_Airfryer,Dokunmatik,5.999,Sk,,Metal,
Otomatik Kapanma,1650,Var,Var,"5 - 5,9 lt",Tek,Yağsız_Airfryer,Dokunmatik,4.749,Russell,Siyah,Plastik,
"Zamanlayıcı, LED Ekran, Çıkarılabilir Üst Kapak, Isı Ayarı",1800,Var,,"2 - 2,9 lt",Tek,Yağlı,Mekanik,19.890,Tefal,Beyaz,,
Isı Ayarı,8000,Var,Yok,6 lt ve Üzeri,Çift,Yağlı,Mekanik,20.746,Drn,Gri,Metal,
Isı Ayarı,1000,Var,Var,"0,9 lt ve Altı",Tek,Yağlı,Dokunmatik,5.998,Kenwood,,Plastik,
,1550,Var,,"4 - 4,9 lt",,,,3.299,Homend,,,
Zamanlayıcı,2200,Var,,,,,,3.059,Pierre,,,
LED Ekran,1500,Var,Var,6 lt ve Üzeri,Tek,Yağsız_Airfryer,Dokunmatik,2.790,Trident,Mavi,,
LED Ekran,1700,Var,,6 lt ve Üzeri,Tek,Yağsız_Airfryer,Dokunmatik,2.949,HİKING,,,
Zamanlayıcı,2225,Var,Var,6 lt ve Üzeri,Tek,Yağsız_Airfryer,Mekanik,14.999,Philips,,Plastik,
Zamanlayıcı,1700,Var,Var,"5 - 5,9 lt",Tek,Yağsız_Airfryer,Dokunmatik,4.990,Eratec,,,
LED Ekran,2300,Var,Var,,Tek,Yağsız_Airfryer,Dokunmatik,10.952,Fritel,Siyah,Metal,
Zamanlayıcı,2000,Var,Var,6 lt ve Üzeri,Tek,Yağsız_Airfryer,Dokunmatik,8.689,Xxl,Siyah,Plastik,
Isı Ayarı,1700,Var,Var,"5 - 5,9 lt",Tek,Yağsız_Airfryer,Dokunmatik,2.849,Blaupunkt,,Metal,
Zamanlayıcı,1000,Var,Var,"5 - 5,9 lt",Tek,Yağsız_Airfryer,Dokunmatik,2.900,Lorenzo,,Metal,
Isı Ayarı,1300,Var,Var,"3 - 3,9 lt",Tek,Yağsız_Airfryer,Mekanik,1.994,Karaca,,Metal,
Isı Ayarı,1650,Var,Var,"5 - 5,9 lt",Tek,Yağsız_Airfryer,Mekanik,1.849,Cvs,,,
LED Ekran,1500,Var,Var,"5 - 5,9 lt",Tek,Yağsız_Airfryer,Dokunmatik,2.199,DN-1005,Siyah,Plastik,
Isı Ayarı,2400,Var,,,,,,2.400,Cvs,,,
LED Ekran,1000,Var,Var,,Tek,Yağsız_Airfryer,Dokunmatik,2.790,Bambum,Siyah,Plastik,
LED Ekran,1000,Var,Var,6 lt ve Üzeri,Tek,Yağsız_Airfryer,Dokunmatik,3.500,Sinbo,,Metal,
,1400,Var,,"3 - 3,9 lt",Tek,,,7.999,Caso,,,
,1700,Var,,"5 - 5,9 lt",,,,5.499,Arow,,,
LED Ekran,1650,Var,Var,"5 - 5,9 lt",Tek,Yağsız_Airfryer,Dokunmatik,2.300,Sem,,,
LED Ekran,1700,Var,Var,,Tek,Yağsız_Airfryer,Dokunmatik,3.699,Goldmaster,Gri,Plastik,
LED Ekran,1400,Var,Yok,"4 - 4,9 lt",Tek,Yağsız_Airfryer,Dokunmatik,5.024,Philips,Siyah,Plastik,
Isı Ayarı,2000,Var,,6 lt ve Üzeri,,,,10.999,Philips,,,
Isı Ayarı,1600,Yok,Var,"2 - 2,9 lt",Tek,Yağlı,Mekanik,1.597,Aksu,,Plastik,
Isı Ayarı,2400,Var,,,,,,7.399,Fakir,,,
LED Ekran,1800,Var,Var,6 lt ve Üzeri,Tek,Yağsız_Airfryer,Dokunmatik,3.322,Cvs,,Metal,
,2700,Var,,6 lt ve Üzeri,,,,14.199,Tefal,,,
Isı Ayarı,1200,Var,Yok,6 lt ve Üzeri,Tek,Yağlı,Mekanik,2.975,Remta,,Metal,
Isı Ayarı,1200,Yok,Yok,6 lt ve Üzeri,Çift,Yağlı,Mekanik,5.442,Remta,Gri,Metal,
Zamanlayıcı,2225,Var,Var,6 lt ve Üzeri,Tek,Yağsız_Airfryer,Dokunmatik,15.118,Philips,,Plastik,
Isı Ayarı,1000,Var,Var,"0,9 lt ve Altı",Tek,Yağlı,Dokunmatik,4.500,Karaca,,Plastik,
LED Ekran,1400,Var,Var,"4 - 4,9 lt",Tek,Yağsız_Airfryer,Dokunmatik,12.999,Philips,,Plastik,
Zamanlayıcı,1800,Var,Yok,"2 - 2,9 lt",Tek,Yağlı,Mekanik,2.470,Stilevs,,Plastik,
Zamanlayıcı,1400,Var,Var,"4 - 4,9 lt",Tek,Yağsız_Airfryer,Dokunmatik,5.599,Philips,Siyah,,
Isı Ayarı,2000,Var,Var,6 lt ve Üzeri,Tek,Yağsız_Airfryer,Mekanik,5.990,Kenwood,,,
Isı Ayarı,1500,Var,Var,6 lt ve Üzeri,Tek,Yağsız_Airfryer,Dokunmatik,7.199,Xiaomi,,Plastik,
Isı Ayarı,1500,Var,Var,6 lt ve Üzeri,Tek,Yağsız_Airfryer,Dokunmatik,7.199,Xiaomi,,Plastik,
Isı Ayarı,2700,Var,Var,"0,9 lt ve Altı",Çift,Yağsız_Airfryer,Dokunmatik,12.499,Tefal,,Plastik,
Isı Ayarı,1000,Var,Var,"0,9 lt ve Altı",Tek,Yağlı,Dokunmatik,5.398,Pierre,,Metal,
,1700,Var,,"5 - 5,9 lt",,,,6.599,Princess,,,
Isı Ayarı,1000,Var,Var,"0,9 lt ve Altı",Tek,Yağlı,Dokunmatik,5.090,Kiwi,,Metal,
Isı Ayarı,1000,Var,Var,"0,9 lt ve Altı",Tek,Yağlı,Dokunmatik,5.767,Taç,,Metal,
Isı Ayarı,1500,Var,Var,"4 - 4,9 lt",Tek,Yağsız_Airfryer,Mekanik,2.499,Homend,,Plastik,
Isı Ayarı,1300,Var,Var,"3 - 3,9 lt",Tek,Yağsız_Airfryer,Dokunmatik,3.999,GoldMaster,,Plastik,
LED Ekran,1400,Var,Var,6 lt ve Üzeri,Tek,Yağsız_Airfryer,Dokunmatik,7.890,Klarstein,Kırmızı,Plastik,
Isı Ayarı,900,Var,Yok,"1 - 1,9 lt",Tek,Yağlı,Mekanik,4.890,Premier,,Metal,
Isı Ayarı,3200,Var,Var,,Tek,Yağlı,Mekanik,7.000,Remta,İnox,Metal,
,1400,Var,,6 lt ve Üzeri,,,,4.102,Horizon,,,
LED Ekran,1200,Var,Var,"3 - 3,9 lt",Tek,Yağsız_Airfryer,Mekanik,2.899,Miinto,,Plastik,
LED Ekran,1350,Var,Var,"5 - 5,9 lt",Tek,Yağsız_Airfryer,Dokunmatik,10.248,Miinto,,Plastik,
LED Ekran,1350,Var,Var,"3 - 3,9 lt",Tek,Yağsız_Airfryer,Dokunmatik,2.099,Youban,,,
,900,Var,,"1 - 1,9 lt",Tek,,,9.355,Severin,,,
Çıkarılabilir Üst Kapak,840,Var,Yok,,Tek,Yağlı,Mekanik,7.499,Princess,,,
Isı Ayarı,1500,Var,Var,"5 - 5,9 lt",Tek,Yağsız_Airfryer,Dokunmatik,2.499,Proscenic,Siyah,Plastik,
"Zamanlayıcı, LED Ekran, Çıkarılabilir Üst Kapak, Isı Ayarı",2200,Var,,"2 - 2,9 lt",Tek,Yağlı,Mekanik,4.199,Arnica,Gri,Plastik,
Zamanlayıcı,2225,Var,Var,6 lt ve Üzeri,Tek,Yağsız_Airfryer,Mekanik,14.999,Philips,,Plastik,
LED Ekran,1700,Var,Var,6 lt ve Üzeri,Tek,Yağsız_Airfryer,Dokunmatik,11.147,Tefal,,Plastik,
Zamanlayıcı,2000,Var,Var,6 lt ve Üzeri,Tek,Yağsız_Airfryer,Dokunmatik,12.999,Philips,,Plastik,
,2225,Var,,6 lt ve Üzeri,,,,11.950,Philips,,,
,1500,Var,Var,"4 - 4,9 lt",Tek,Yağsız_Airfryer,Dokunmatik,3.175,Grundig,,Metal,
Zamanlayıcı,3000,Var,Var,,Tek,Yağsız_Airfryer,Dokunmatik,3.680,Xiaomi,,Metal,
LED Ekran,1350,Var,Var,,Tek,Yağsız_Airfryer,Dokunmatik,10.790,Princess,Siyah,Plastik,
,1900,Var,,"2 - 2,9 lt",Tek,,,9.859,Moulinex,,,
Isı Ayarı,2000,Var,,"3 - 3,9 lt",,,,7.990,Tristar,,,
Isı Ayarı,1000,Var,Var,"0,9 lt ve Altı",Tek,Yağlı,Dokunmatik,5.398,Kumtel,,Plastik,
,1400,Var,,"3 - 3,9 lt",,,,3.566,Konka,,,
,1400,Var,,6 lt ve Üzeri,,,,4.102,Horizon,,,
,900,Var,,"1 - 1,9 lt",Tek,,,9.355,Severin,,,
Çıkarılabilir Üst Kapak,840,Var,Yok,,Tek,Yağlı,Mekanik,7.499,Princess,,,
LED Ekran,1350,Var,Var,"3 - 3,9 lt",Tek,Yağsız_Airfryer,Dokunmatik,2.099,Youban,,,
Zamanlayıcı,1000,Var,Var,"2 - 2,9 lt",Tek,Yağlı,Dokunmatik,2.799,Beko,,Metal,
"Zamanlayıcı, LED Ekran, Çıkarılabilir Üst Kapak, Isı Ayarı",2200,Var,,"2 - 2,9 lt",Tek,Yağlı,Mekanik,4.199,Arnica,Gri,Plastik,
Isı Ayarı,1350,Var,Var,,Tek,Yağsız_Airfryer,Mekanik,1.909,King,Beyaz,,
Zamanlayıcı,2000,Var,Var,6 lt ve Üzeri,Tek,Yağsız_Airfryer,Dokunmatik,12.999,Philips,,Plastik,
,1000,Yok,,,,,,250,Arztech,,,
,1450,Var,Var,6 lt ve Üzeri,Tek,,,3.399,Neutron,,,
Isı Ayarı,1650,Var,Var,"5 - 5,9 lt",Tek,Yağsız_Airfryer,Mekanik,2.286,Sem,,Plastik,
LED Ekran,1800,Var,Var,,Tek,Yağsız_Airfryer,Dokunmatik,3.499,Smart,,Plastik,
Isı Ayarı,1000,Var,Var,"0,9 lt ve Altı",Tek,Yağlı,Dokunmatik,3.599,Schafer,,Plastik,
"Zamanlayıcı, Çıkarılabilir Üst Kapak, Isı Ayarı",2000,Var,,"2 - 2,9 lt",Tek,Yağlı,Mekanik,9.999,Arnica,Beyaz,Plastik,
Zamanlayıcı,1700,Var,Var,6 lt ve Üzeri,Tek,Yağsız_Airfryer,Dokunmatik,4.998,Korkmaz,,Metal,
Zamanlayıcı,1800,Var,,,,,,4.449,Kumtel,,,
LED Ekran,1350,Var,Var,"5 - 5,9 lt",Tek,Yağsız_Airfryer,Dokunmatik,4.999,Idose,,Plastik,
Isı Ayarı,1000,Var,Var,"0,9 lt ve Altı",Tek,Yağlı,Dokunmatik,4.998,Proscenic,,Metal,
Zamanlayıcı,900,Yok,,,,,,389,A,Beyaz,,
LED Ekran,1500,Yok,Var,,Tek,Yağsız_Airfryer,Dokunmatik,2.733,Shopfocus,,,
LED Ekran,1400,Var,Var,"5 - 5,9 lt",Tek,Yağsız_Airfryer,Dokunmatik,6.397,HBLHC,,Metal,
LED Ekran,1300,Var,Var,,Tek,Yağsız_Airfryer,Dokunmatik,4.418,Buyfun,,Metal,
Isı Ayarı,900,Yok,,,,,,1.132,Colorful,,,
Isı Ayarı,1000,Var,Var,"0,9 lt ve Altı",Tek,Yağlı,Dokunmatik,5.598,Arçelik,,Metal,
Isı Ayarı,1000,Var,Var,"0,9 lt ve Altı",Tek,Yağlı,Dokunmatik,6.000,Arçelik,,Metal,
Isı Ayarı,1500,Var,Var,"5 - 5,9 lt",Tek,Yağsız_Airfryer,Dokunmatik,2.499,Proscenic,Siyah,Plastik,
Isı Ayarı,1000,Var,Var,"0,9 lt ve Altı",Tek,Yağlı,Dokunmatik,5.390,Onvo,,Metal,
,2200,Var,,6 lt ve Üzeri,,,,14.899,Philips,,,
Otomatik Kapanma,2700,Var,Var,6 lt ve Üzeri,Çift,Yağsız_Airfryer,Dokunmatik,11.999,Tefal,,,
Otomatik Kapanma,2200,Var,Var,6 lt ve Üzeri,,Yağsız_Airfryer,Dokunmatik,14.999,Philips,,,
Otomatik Kapanma,1700,Var,,6 lt ve Üzeri,,Yağsız_Airfryer,Dokunmatik,14.499,Tefal,,,
Zamanlayıcı,1700,Var,Var,6 lt ve Üzeri,Tek,,Dokunmatik,11.999,Tefal,,,
,2200,Var,,6 lt ve Üzeri,,,,14.899,Philips,,,
,1550,Var,,"4 - 4,9 lt",Tek,,,7.499,Tefal,,,
Otomatik Kapanma,2700,Var,Var,6 lt ve Üzeri,Çift,Yağsız_Airfryer,Dokunmatik,13.999,Tefal,,,
Isı Ayarı,1500,Var,Var,"5 - 5,9 lt",Tek,Yağsız_Airfryer,Mekanik,2.153,Acar,,Plastik,
,1200,Var,,,,,,2.799,Taç,,,
Zamanlayıcı,1700,Var,Var,6 lt ve Üzeri,Tek,Yağsız_Airfryer,Dokunmatik,2.299,URZ,,Metal,
Çıkarılabilir Üst Kapak,2200,Yok,,"3 - 3,9 lt",Tek,Yağlı,,2.750,Sinbo,Gri,,
Zamanlayıcı,2200,Var,Var,6 lt ve Üzeri,Tek,Yağsız_Airfryer,Dokunmatik,17.999,Philips,,Metal,
,1750,Var,,,,,,7.249,RUSSELL,,,
Isı Ayarı,1000,Var,Var,"0,9 lt ve Altı",Tek,Yağlı,Dokunmatik,8.748,Philips,,Plastik,
Isı Ayarı,1500,Var,Var,"1 - 1,9 lt",Tek,Yağsız_Airfryer,Dokunmatik,7.099,Electrolux,,,
Isı Ayarı,1000,Var,Var,,Tek,Yağsız_Airfryer,Mekanik,4.413,Fritel,,Plastik,
,1200,Var,,,,,,1.850,Sarex,,,
,1000,Yok,,"0,9 lt ve Altı",,,,2.880,Xnews,,,
LED Ekran,1800,Var,Var,6 lt ve Üzeri,Tek,Yağsız_Airfryer,Dokunmatik,4.490,Upany,Siyah,Plastik,
LED Ekran,1700,Var,,,,,,4.599,Xiaomi,,,
LED Ekran,1500,Var,Var,,Tek,Yağsız_Airfryer,Dokunmatik,2.900,Zilan,Siyah,Plastik,
,1400,Var,,6 lt ve Üzeri,,,,3.280,Horizon,,,
,1300,Var,,"4 - 4,9 lt",,,,4.611,Horizon,,,
LED Ekran,1200,Var,Var,"3 - 3,9 lt",Tek,Yağsız_Airfryer,Dokunmatik,3.999,Miinto,,Plastik,
,1000,Var,,,,,,14.640,Cosorı,,,
LED Ekran,1200,Var,Var,"3 - 3,9 lt",Tek,Yağsız_Airfryer,Mekanik,2.899,Miinto,,Plastik,
LED Ekran,1350,Var,Var,"5 - 5,9 lt",Tek,Yağsız_Airfryer,Dokunmatik,10.248,Miinto,,Plastik,
,1500,Var,,"5 - 5,9 lt",,,,2.299,Luxell,,Metal,
LED Ekran,1800,Yok,Var,,Tek,Yağsız_Airfryer,Dokunmatik,11.712,Npo,Siyah,Plastik,
Zamanlayıcı,1600,Var,Yok,"1 - 1,9 lt",Tek,Yağlı,Mekanik,3.700,Awox,,Plastik,
Zamanlayıcı,2225,Var,Var,6 lt ve Üzeri,Tek,Yağsız_Airfryer,Dokunmatik,18.799,Philips,,Paslanmaz Çelik,
LED Ekran,1700,Var,Var,6 lt ve Üzeri,Tek,Yağsız_Airfryer,Dokunmatik,11.147,Tefal,,Plastik,
Zamanlayıcı,2225,Var,Var,6 lt ve Üzeri,Tek,Yağsız_Airfryer,Mekanik,14.999,Philips,,Plastik,
Otomatik Kapanma,2225,Var,Var,6 lt ve Üzeri,,Yağsız_Airfryer,,11.950,Philips,,,
,2225,Var,,6 lt ve Üzeri,,,,11.950,Philips,,,
Zamanlayıcı,1500,Var,,"5 - 5,9 lt",Tek,Yağsız_Airfryer,Mekanik,3.149,Korkmaz,,,
Zamanlayıcı,2250,Var,Var,,Tek,Yağsız_Airfryer,Mekanik,12.599,Philps,,Plastik,
Zamanlayıcı,1400,Var,Var,"4 - 4,9 lt",Tek,Yağsız_Airfryer,Dokunmatik,4.289,Philips,Siyah,Plastik,
Zamanlayıcı,2000,Var,Var,6 lt ve Üzeri,Tek,Yağsız_Airfryer,Dokunmatik,10.999,Philips,,Plastik,
Isı Ayarı,1500,Var,Var,"5 - 5,9 lt",Tek,Yağsız_Airfryer,Dokunmatik,2.150,Onvo,,,
LED Ekran,1500,Var,Var,,Tek,Yağsız_Airfryer,Dokunmatik,2.900,Zilan,Siyah,Plastik,
,2350,Var,,,,,,2.899,Kiwi,,,
Isı Ayarı,1000,Var,Var,"0,9 lt ve Altı",Tek,Yağlı,Dokunmatik,4.093,Wiami,,Metal,
LED Ekran,1800,Var,Var,6 lt ve Üzeri,Tek,Yağsız_Airfryer,Dokunmatik,4.490,Upany,Siyah,Plastik,
Isı Ayarı,1000,Var,Var,"2 - 2,9 lt",Tek,Yağlı,Dokunmatik,4.899,Karaca,,Metal,
Isı Ayarı,1700,Var,,6 lt ve Üzeri,Tek,Yağsız_Airfryer,Dokunmatik,2.469,Robwell,,,
Isı Ayarı,1000,Var,Var,"5 - 5,9 lt",Tek,Yağlı,Dokunmatik,3.999,Tefal,,Metal,
,1450,Var,,,,,,2.349,Neutron,,,
LED Ekran,1500,Var,Var,"3 - 3,9 lt",Tek,Yağsız_Airfryer,Dokunmatik,4.099,Cosorı,,Plastik,
LED Ekran,1400,Var,Var,"2 - 2,9 lt",Tek,Yağsız_Airfryer,Dokunmatik,4.899,CASO,Siyah,Plastik,
Isı Ayarı,1700,Var,Var,"5 - 5,9 lt",Tek,Yağsız_Airfryer,Dokunmatik,3.839,Cosorı,,,
Zamanlayıcı,1000,Var,Var,"0,9 lt ve Altı",Tek,Yağlı,Dokunmatik,11.299,Philips,,Metal,
Isı Ayarı,1000,Var,Var,"0,9 lt ve Altı",Tek,Yağlı,Dokunmatik,5.998,7856,,Metal,
Isı Ayarı,1000,Var,Var,"0,9 lt ve Altı",Tek,Yağlı,Dokunmatik,4.867,Youban,,Metal,
LED Ekran,1200,Var,Var,"2 - 2,9 lt",Tek,Yağsız_Airfryer,Mekanik,9.699,Cecotec,Siyah,,
Isı Ayarı,1800,Var,,6 lt ve Üzeri,,,,12.690,Tristar,,,
LED Ekran,1700,Var,,"5 - 5,9 lt",Tek,Yağsız_Airfryer,Mekanik,14.990,Instant,Siyah - Gri,,
Isı Ayarı,1500,Var,Var,,Tek,Yağsız_Airfryer,Dokunmatik,2.647,Fast,Gri,Plastik,
Isı Ayarı,1000,Var,Var,"0,9 lt ve Altı",Tek,Yağlı,Dokunmatik,4.061,Wiami,,Metal,
LED Ekran,1400,Var,Var,6 lt ve Üzeri,Tek,Yağsız_Airfryer,Dokunmatik,3.299,Hiking,,,
Isı Ayarı,2000,Yok,Var,,Tek,Yağsız_Airfryer,Dokunmatik,4.450,King,,Metal,
,1700,Yok,,6 lt ve Üzeri,,Yağsız_Airfryer,,2.999,Kiwi,,,
,1500,Var,Var,6 lt ve Üzeri,Tek,Yağsız_Airfryer,,3.150,Trident,,,
Zamanlayıcı,1600,Var,Var,"5 - 5,9 lt",Tek,Yağsız_Airfryer,Dokunmatik,2.540,Onvo,Siyah,Plastik,
LED Ekran,1500,Var,Var,"3 - 3,9 lt",Tek,Yağsız_Airfryer,Dokunmatik,3.080,Kenwood,,Plastik,
Isı Ayarı,1000,Var,Var,6 lt ve Üzeri,Tek,Yağlı,Dokunmatik,11.498,Robwell,,Metal,
LED Ekran,1500,Var,Var,"4 - 4,9 lt",Tek,Yağsız_Airfryer,Dokunmatik,6.299,Pierre,,Metal,
Isı Ayarı,1000,Var,Var,"0,9 lt ve Altı",Tek,Yağlı,Dokunmatik,5.998,Vestel,,Metal,
Isı Ayarı,1000,Var,Var,"0,9 lt ve Altı",Tek,Yağlı,Dokunmatik,4.317,Ördekçioğlu,,Plastik,
,840,Var,,"5 - 5,9 lt",,,,1.260,Smiling,,,
LED Ekran,2225,Var,Yok,6 lt ve Üzeri,Tek,Yağsız_Airfryer,Dokunmatik,17.499,Philips,,,
,1400,Var,,6 lt ve Üzeri,,,,4.725,Horizon,,,
Çıkarılabilir Üst Kapak,225,Yok,,"1 - 1,9 lt",,,,2.470,Weichuang,,,
Isı Ayarı,1800,Var,Var,"5 - 5,9 lt",Tek,Yağsız_Airfryer,Dokunmatik,10.248,Kenwood,,,
LED Ekran,1850,Var,Var,"5 - 5,9 lt",Tek,Yağsız_Airfryer,Dokunmatik,7.990,Tefal,Siyah,Metal,
Isı Ayarı,1000,Var,Var,"0,9 lt ve Altı",Tek,Yağlı,Dokunmatik,4.950,Electrolux,,Plastik,
Zamanlayıcı,1550,Var,Var,"4 - 4,9 lt",Tek,Yağsız_Airfryer,Dokunmatik,6.500,Karaca,,,
,1550,Var,,,,,,9.999,Karaca,,,
Çıkarılabilir Üst Kapak,2400,Var,Var,"3 - 3,9 lt",Tek,Yağlı,Mekanik,4.199,Karaca,,Metal,
Isı Ayarı,2000,Var,Var,6 lt ve Üzeri,,Yağsız_Airfryer,Dokunmatik,14.899,Philips,,,
Zamanlayıcı,1300,Var,Var,"3 - 3,9 lt",Tek,Yağsız_Airfryer,Mekanik,5.999,Arçelik,,Plastik,
Otomatik Kapanma,2700,Var,Var,6 lt ve Üzeri,Çift,Yağsız_Airfryer,Dokunmatik,10.199,Tefal,,,
Çıkarılabilir Üst Kapak,800,Var,,,,,,351,Tuz,,Metal,
LED Ekran,1000,Var,Var,,Tek,Yağsız_Airfryer,Mekanik,3.069,Xystarry,,Metal,
,1400,Var,,6 lt ve Üzeri,,,,3.897,Sımıcg,,,
LED Ekran,1400,Yok,Var,,Tek,Yağsız_Airfryer,Dokunmatik,4.199,China,,Plastik,
,1050,Var,,"1 - 1,9 lt",,,,2.438,YQ,,,
Otomatik Kapanma,1300,Var,,,,,,4.242,Beautiful,,,
Isı Ayarı,900,Yok,,,,,,781,100,,,
,1000,Var,,,,,,3.322,Ecolife,,,
Zamanlayıcı,1000,Var,Var,,Tek,Yağsız_Airfryer,Dokunmatik,2.581,China,,Metal,
Zamanlayıcı,2200,Var,Var,6 lt ve Üzeri,Tek,Yağsız_Airfryer,Dokunmatik,18.799,Philips,,,
Isı Ayarı,1500,Var,Yok,"1 - 1,9 lt",Tek,Yağlı,Mekanik,2.690,Arnica,,Plastik,
Zamanlayıcı,1750,Var,Var,6 lt ve Üzeri,,Yağsız_Airfryer,Dokunmatik,7.499,Arzum,,,
Çıkarılabilir Üst Kapak,2400,Var,Var,"3 - 3,9 lt",Tek,Yağlı,Mekanik,4.199,Karaca,,Metal,
Zamanlayıcı,1550,Var,Var,"4 - 4,9 lt",Tek,Yağsız_Airfryer,Dokunmatik,6.500,Karaca,,,
Isı Ayarı,2000,Var,Var,6 lt ve Üzeri,,Yağsız_Airfryer,Dokunmatik,14.899,Philips,,,
,1550,Var,,,,,,9.999,Karaca,,,
Isı Ayarı,1000,Var,Var,"0,9 lt ve Altı",Tek,Yağlı,Dokunmatik,4.061,Wiami,,Metal,
,2225,Var,,6 lt ve Üzeri,,,,11.950,Philips,,,
Zamanlayıcı,1500,Var,Var,6 lt ve Üzeri,Tek,Yağsız_Airfryer,Dokunmatik,5.189,Xiaomi,,Plastik,
,1700,Yok,,6 lt ve Üzeri,,Yağsız_Airfryer,,2.999,Kiwi,,,
Isı Ayarı,2000,Yok,Var,,Tek,Yağsız_Airfryer,Dokunmatik,4.450,King,,Metal,
LED Ekran,1400,Var,Var,6 lt ve Üzeri,Tek,Yağsız_Airfryer,Dokunmatik,3.299,Hiking,,,
LED Ekran,1500,Var,Var,"3 - 3,9 lt",Tek,Yağsız_Airfryer,Dokunmatik,3.080,Kenwood,,Plastik,
Zamanlayıcı,1500,Var,Var,"4 - 4,9 lt",Tek,Yağsız_Airfryer,Dokunmatik,3.949,Tefal,,Plastik,
LED Ekran,1400,Yok,Var,,Tek,Yağsız_Airfryer,Dokunmatik,4.199,China,,Plastik,
Otomatik Kapanma,1300,Var,,,,,,4.242,Beautiful,,,
Isı Ayarı,900,Yok,,,,,,781,100,,,
Zamanlayıcı,1000,Var,Var,,Tek,Yağsız_Airfryer,Dokunmatik,2.581,China,,Metal,
,1050,Var,,"1 - 1,9 lt",,,,2.438,YQ,,,
,1400,Var,,6 lt ve Üzeri,,,,3.897,Sımıcg,,,
,1000,Var,,,,,,3.322,Ecolife,,,
Çıkarılabilir Üst Kapak,800,Var,,,,,,351,Tuz,,Metal,
LED Ekran,1000,Var,Var,,Tek,Yağsız_Airfryer,Mekanik,3.069,Xystarry,,Metal,
,1800,Var,,6 lt ve Üzeri,Tek,,,16.788,Russell,,,
Isı Ayarı,1000,Var,Var,"0,9 lt ve Altı",Tek,Yağlı,Dokunmatik,7.995,Onvo,,Metal,
LED Ekran,1700,Var,Var,"5 - 5,9 lt",Tek,Yağsız_Airfryer,Dokunmatik,2.499,Lydsto,,Plastik,
Zamanlayıcı,2200,Var,Var,6 lt ve Üzeri,Tek,Yağsız_Airfryer,Dokunmatik,18.799,Philips,,,
LED Ekran,1300,Var,Var,,Tek,Yağsız_Airfryer,Dokunmatik,2.999,Ariete,Siyah,Plastik,
LED Ekran,1300,Var,Var,,Tek,Yağsız_Airfryer,Dokunmatik,4.223,Vicodin,,Plastik,
Zamanlayıcı,1750,Var,Var,6 lt ve Üzeri,,Yağsız_Airfryer,Dokunmatik,7.499,Arzum,,,
Isı Ayarı,1500,Var,Yok,"1 - 1,9 lt",Tek,Yağlı,Mekanik,2.690,Arnica,,Plastik,
Otomatik Kapanma,1400,Var,Var,"4 - 4,9 lt",Tek,Yağsız_Airfryer,Dokunmatik,6.750,Tefal,,Plastik,
,2225,Var,,6 lt ve Üzeri,,,,11.950,Philips,,,
Zamanlayıcı,1500,Var,Var,6 lt ve Üzeri,Tek,Yağsız_Airfryer,Dokunmatik,5.189,Xiaomi,,Plastik,
LED Ekran,1100,Var,Var,"3 - 3,9 lt",Tek,Yağsız_Airfryer,Dokunmatik,1.500,Sem,,Plastik,
LED Ekran,2200,Var,Var,6 lt ve Üzeri,Tek,Yağsız_Airfryer,Dokunmatik,13.489,Philips,,Plastik,
LED Ekran,1500,Var,Var,"3 - 3,9 lt",Tek,Yağsız_Airfryer,Dokunmatik,2.491,Schafer,,,
Zamanlayıcı,1500,Var,Var,,Tek,Yağsız_Airfryer,Dokunmatik,3.347,Xiaomi,Beyaz,Plastik,
LED Ekran,1400,Var,Var,"4 - 4,9 lt",Tek,Yağsız_Airfryer,Dokunmatik,4.699,Philips,,Plastik,
Isı Ayarı,1200,Yok,Yok,6 lt ve Üzeri,Tek,Yağlı,Mekanik,2.799,Remta,,Metal,
Isı Ayarı,1200,Var,Yok,"5 - 5,9 lt",Tek,Yağlı,Mekanik,2.541,Remta,,Metal,
Isı Ayarı,1000,Var,Var,"0,9 lt ve Altı",Tek,Yağlı,Dokunmatik,4.140,Tefal,,Metal,
Isı Ayarı,1200,Yok,Yok,"5 - 5,9 lt",Tek,Yağlı,Mekanik,2.525,Remta,Gri,Metal,
LED Ekran,2500,Var,,6 lt ve Üzeri,Çift,,,5.499,Karaca,,,
Isı Ayarı,1000,Var,Var,"0,9 lt ve Altı",Tek,Yağlı,Dokunmatik,5.758,Proscenic,,Metal,
Isı Ayarı,1000,Var,Var,"0,9 lt ve Altı",Tek,Yağlı,Dokunmatik,2.550,Köchler,,Metal,
Isı Ayarı,1000,Var,Var,"0,9 lt ve Altı",Tek,Yağlı,Dokunmatik,3.399,Luxell,,Metal,
Isı Ayarı,1000,Var,Var,"0,9 lt ve Altı",Tek,Yağlı,Dokunmatik,5.997,Onvo,,Metal,
Isı Ayarı,1000,Var,Var,"0,9 lt ve Altı",Tek,Yağlı,Dokunmatik,5.580,Arçelik,,Metal,
Isı Ayarı,1600,Var,Var,,Tek,Yağsız_Airfryer,Dokunmatik,6.899,Karaca,Beyaz,Metal,
Zamanlayıcı,1400,Var,,,,,,4.839,Kiwi,Beyaz,,Kapasitesi 5 lt
,1000,Var,,6 lt ve Üzeri,,,,6.799,Arzum,,,
LED Ekran,1800,Var,Var,"5 - 5,9 lt",Tek,Yağsız_Airfryer,Dokunmatik,3.990,Kenwood,,,
Otomatik Kapanma,1700,Var,Var,6 lt ve Üzeri,Çift,Yağsız_Airfryer,Dokunmatik,8.999,Karaca,,Plastik,
Isı Ayarı,1000,Var,Var,"0,9 lt ve Altı",Tek,Yağlı,Dokunmatik,8.499,Karaca,,Plastik,
Isı Ayarı,1000,Var,Var,"0,9 lt ve Altı",Tek,Yağlı,Dokunmatik,6.617,Create,,Metal,
Isı Ayarı,1200,Yok,Yok,6 lt ve Üzeri,Çift,Yağlı,Mekanik,23.188,Remta,Gri,Metal,
LED Ekran,300,Var,Var,"5 - 5,9 lt",Tek,Yağsız_Airfryer,Dokunmatik,13.550,Domo,Siyah,Metal,
LED Ekran,1700,Var,Var,"5 - 5,9 lt",Tek,Yağsız_Airfryer,Mekanik,2.299,Dalle,,Metal,
,1750,Var,,,,,,3.097,Haitn,,,
Isı Ayarı,1450,Var,Var,,Tek,Yağsız_Airfryer,Mekanik,2.447,Midea,,Plastik,
Isı Ayarı,1000,Var,Var,"0,9 lt ve Altı",Tek,Yağlı,Dokunmatik,3.497,Philips,,Metal,
Isı Ayarı,1500,Var,Var,"1 - 1,9 lt",Tek,Yağsız_Airfryer,Dokunmatik,4.599,Trident,,,
Isı Ayarı,1500,Var,Var,6 lt ve Üzeri,Tek,Yağsız_Airfryer,Dokunmatik,2.299,Arztech,Gri,Metal,
Otomatik Kapanma,2225,Var,Var,6 lt ve Üzeri,Tek,Yağsız_Airfryer,Dokunmatik,12.999,Philips,,Metal,
LED Ekran,1500,Var,Var,"4 - 4,9 lt",Tek,Yağsız_Airfryer,Dokunmatik,3.279,Cosorı,,Metal,
Isı Ayarı,1300,Yok,Var,"3 - 3,9 lt",Tek,Yağsız_Airfryer,Mekanik,2.599,Grundig,Gri,,
LED Ekran,300,Var,Var,"5 - 5,9 lt",Tek,Yağsız_Airfryer,Dokunmatik,13.550,Domo,Siyah,Metal,
LED Ekran,1700,Var,Var,"5 - 5,9 lt",Tek,Yağsız_Airfryer,Mekanik,2.299,Dalle,,Metal,
Isı Ayarı,1500,Var,Var,,Tek,Yağsız_Airfryer,Dokunmatik,8.784,Taç,Siyah,Plastik,
Isı Ayarı,1500,Yok,Var,"4 - 4,9 lt",Tek,Yağsız_Airfryer,Mekanik,1.689,Valletta,,Plastik,
LED Ekran,1800,Var,,,,,,7.799,Xiaomi,,,
Zamanlayıcı,1800,Var,Var,"4 - 4,9 lt",Tek,Yağsız_Airfryer,Dokunmatik,5.499,Xiaomi,,Plastik,
,1450,Var,,"5 - 5,9 lt",,,,3.799,Taç,,,
Isı Ayarı,1000,Var,Var,"0,9 lt ve Altı",Tek,Yağlı,Dokunmatik,5.258,Xiaomi,,Metal,
LED Ekran,1500,Var,Var,,Tek,Yağsız_Airfryer,Dokunmatik,1.999,Qich,,Plastik,
,1000,Var,,,,,,4.999,Relux,,,
Zamanlayıcı,1750,Var,Var,6 lt ve Üzeri,Tek,Yağsız_Airfryer,Dokunmatik,4.550,Arzum,,Plastik,
LED Ekran,1500,Var,Var,"4 - 4,9 lt",Tek,Yağsız_Airfryer,Dokunmatik,4.299,Kumtel,,Metal,
LED Ekran,2225,Var,Var,6 lt ve Üzeri,Tek,Yağsız_Airfryer,Dokunmatik,12.999,Philips,,,
Zamanlayıcı,2000,Var,Var,6 lt ve Üzeri,Tek,Yağsız_Airfryer,Dokunmatik,13.799,Philips,,Plastik,
Zamanlayıcı,2225,Var,Var,6 lt ve Üzeri,Tek,Yağsız_Airfryer,Mekanik,14.999,Philips,,Plastik,
Zamanlayıcı,1400,Var,Var,"4 - 4,9 lt",Tek,Yağsız_Airfryer,Dokunmatik,4.999,Philips,,Plastik,
,1350,Var,,,,,,1.699,Electrolux,,,
Isı Ayarı,1400,Var,,,,,,2.779,Fantom,,,
,2000,Var,,"3 - 3,9 lt",Tek,,,8.555,G3,,,
Isı Ayarı,1000,Var,Var,"0,9 lt ve Altı",Tek,Yağlı,Dokunmatik,4.480,Rexon,,Metal,
,1000,Var,,"2 - 2,9 lt",,,,2.399,Kumtel,,,
Isı Ayarı,1000,Var,Var,"0,9 lt ve Altı",Tek,Yağlı,Dokunmatik,6.999,Philips,,Metal,
LED Ekran,1800,Var,Var,6 lt ve Üzeri,Çift,,Dokunmatik,3.699,Groove,,Plastik,
Çıkarılabilir Üst Kapak,800,Var,,,,,,573,Air,,Metal,
Çıkarılabilir Üst Kapak,8000,Yok,,,,,,1.419,Hi,,,
Isı Ayarı,700,Var,,,,,,1.412,Jimmy,,,
Zamanlayıcı,1000,Var,Var,,Tek,Yağsız_Airfryer,Dokunmatik,2.787,Hava,,Metal,
LED Ekran,1000,Var,,,,,,2.061,Zshskj,,,
LED Ekran,1500,Var,Var,"5 - 5,9 lt",Tek,Yağsız_Airfryer,Dokunmatik,5.231,It,,Plastik,
,1050,Var,,"0,9 lt ve Altı",,,,7.394,Raycy,,,
,1550,Var,,"3 - 3,9 lt",Tek,,,10.499,Moulinex,,,
Isı Ayarı,1200,Yok,Yok,6 lt ve Üzeri,Tek,Yağlı,Mekanik,5.990,Remta,,Metal,
,2350,Var,,"5 - 5,9 lt",,,,2.499,Kiwi,,,
LED Ekran,1800,Var,,,,,,8.090,Mi,,,
Isı Ayarı,1500,Var,Var,"3 - 3,9 lt",Tek,Yağsız_Airfryer,Dokunmatik,3.899,Beko,,Plastik,
Isı Ayarı,1400,Var,Var,"4 - 4,9 lt",Tek,Yağsız_Airfryer,Mekanik,3.849,Tefal,,Plastik,
LED Ekran,1550,Var,Var,"4 - 4,9 lt",Tek,Yağsız_Airfryer,Dokunmatik,4.789,Philips,,Plastik,
Isı Ayarı,1800,Var,Var,"5 - 5,9 lt",Tek,Yağsız_Airfryer,Dokunmatik,4.089,Blaupunkt,,,
Isı Ayarı,1500,Var,Var,"4 - 4,9 lt",Tek,Yağsız_Airfryer,Mekanik,2.485,Homend,,Plastik,
Isı Ayarı,1700,Var,Var,"5 - 5,9 lt",Tek,Yağsız_Airfryer,Dokunmatik,2.790,Dalle,,Metal,
LED Ekran,1350,Var,Var,"5 - 5,9 lt",Tek,Yağsız_Airfryer,Dokunmatik,4.999,Miinto,,Plastik,
LED Ekran,1500,Var,Var,6 lt ve Üzeri,Tek,Yağsız_Airfryer,Dokunmatik,6.999,Pıerre,,Metal,
LED Ekran,1500,Var,,,,,,7.236,Qich,,,
Isı Ayarı,1000,Var,Var,"5 - 5,9 lt",Tek,Yağlı,Dokunmatik,6.150,Wiami,,Metal,
Isı Ayarı,1000,Var,Var,"0,9 lt ve Altı",Tek,Yağlı,Dokunmatik,8.750,Orginal,,Metal,
Isı Ayarı,1700,Var,Var,"5 - 5,9 lt",Tek,Yağsız_Airfryer,Dokunmatik,2.499,Goldmaster,,,
Isı Ayarı,1000,Var,Var,"0,9 lt ve Altı",Tek,Yağlı,Dokunmatik,3.357,Kiwi,,Plastik,
Isı Ayarı,1000,Var,,"5 - 5,9 lt",,,,236,RİELTÜRKÖZ,,,
Isı Ayarı,1000,Var,Var,"0,9 lt ve Altı",Tek,Yağlı,Dokunmatik,810,Essan,,Metal,
Isı Ayarı,1200,Yok,,6 lt ve Üzeri,,Yağlı,Mekanik,6.123,Işıkgaz,Gri,Metal,
,1000,Var,,"2 - 2,9 lt",,,,2.399,Kumtel,,,
,1300,Var,,"5 - 5,9 lt",,,,5.162,Horizon,,,
Isı Ayarı,1000,Var,Var,"0,9 lt ve Altı",Tek,Yağlı,Dokunmatik,6.000,Beko,,Metal,
Zamanlayıcı,2700,Var,Var,6 lt ve Üzeri,Çift,Yağsız_Airfryer,Dokunmatik,13.999,Tefal,,,
Zamanlayıcı,1800,Var,Var,,Tek,Yağlı,Mekanik,7.319,Schafer,,Plastik,
Otomatik Kapanma,1700,Var,Var,6 lt ve Üzeri,Tek,Yağsız_Airfryer,Dokunmatik,16.999,Tefal,,,
Zamanlayıcı,1800,Var,Var,"4 - 4,9 lt",Tek,Yağsız_Airfryer,Dokunmatik,5.499,Xiaomi,,Plastik,
LED Ekran,1800,Var,,,,,,7.799,Xiaomi,,,
Isı Ayarı,1000,Var,Var,"0,9 lt ve Altı",Tek,Yağlı,Dokunmatik,3.497,Philips,,Metal,
Zamanlayıcı,1500,Var,Var,,Tek,Yağsız_Airfryer,Mekanik,2.550,Cvs,Siyah,Plastik,
Zamanlayıcı,1450,Var,Var,,Tek,Yağsız_Airfryer,Dokunmatik,2.499,Xiaomi,Beyaz,Plastik,
Isı Ayarı,1500,Var,Var,"1 - 1,9 lt",Tek,Yağsız_Airfryer,Dokunmatik,4.599,Trident,,,
Isı Ayarı,1300,Var,Var,,Tek,Yağsız_Airfryer,Mekanik,2.112,Karaca,Siyah,Plastik,
Zamanlayıcı,1550,Var,Var,"4 - 4,9 lt",Tek,Yağsız_Airfryer,Dokunmatik,7.999,Philips,,Plastik,
Otomatik Kapanma,2225,Var,Var,6 lt ve Üzeri,,Yağsız_Airfryer,,17.999,Philips,,,
Zamanlayıcı,2225,Var,Var,6 lt ve Üzeri,Tek,Yağsız_Airfryer,Dokunmatik,14.999,Philips,,Plastik,
Zamanlayıcı,1450,Var,Var,,Tek,Yağsız_Airfryer,Dokunmatik,2.499,Xiaomi,Beyaz,Plastik,
Zamanlayıcı,1500,Var,Var,,Tek,Yağsız_Airfryer,Mekanik,2.550,Cvs,Siyah,Plastik,
,1150,Var,,"4 - 4,9 lt",,,,494,Hacarlıoğlu,,,
LED Ekran,1400,Var,,"3 - 3,9 lt",,,,15.660,De'longhi,,,
Zamanlayıcı,2200,Var,Var,6 lt ve Üzeri,Tek,Yağsız_Airfryer,Dokunmatik,17.999,Philips,,,
LED Ekran,2000,Var,Var,,Tek,Yağsız_Airfryer,Dokunmatik,3.249,Goldmaster,Gri,Plastik,
LED Ekran,2000,Yok,Var,6 lt ve Üzeri,Tek,Yağsız_Airfryer,Dokunmatik,19.900,Liven,Siyah,,
LED Ekran,1800,Var,Var,,Tek,Yağsız_Airfryer,Dokunmatik,6.750,Gourmet,,Plastik,
LED Ekran,2225,Var,Var,6 lt ve Üzeri,Tek,Yağsız_Airfryer,Dokunmatik,12.999,Philips,,Metal,
LED Ekran,2225,Var,Var,6 lt ve Üzeri,Tek,Yağsız_Airfryer,Dokunmatik,11.999,Philips,,Plastik,
Isı Ayarı,1200,Yok,Yok,"3 - 3,9 lt",Tek,Yağlı,Mekanik,2.435,Işıkgaz,Gri,Metal,
Isı Ayarı,3000,Yok,,6 lt ve Üzeri,Tek,Yağlı,,2.799,Remta,Gümüş,Metal,
Isı Ayarı,1000,Var,Var,"0,9 lt ve Altı",Tek,Yağlı,Dokunmatik,7.748,Wiami,,Metal,
LED Ekran,1700,Var,Var,6 lt ve Üzeri,,Yağsız_Airfryer,,10.990,Kenwood,,Metal,
Isı Ayarı,1000,Var,Var,"0,9 lt ve Altı",Tek,Yağlı,Dokunmatik,5.598,Arzum,,Plastik,
,1500,Var,,,,,,1.599,Uniwho,,,
Isı Ayarı,2250,Var,,,,,,12.755,Trident,,,
LED Ekran,1300,Var,Var,"4 - 4,9 lt",Tek,Yağsız_Airfryer,Dokunmatik,2.668,Fakir,Gri,Plastik,
Isı Ayarı,1700,Var,,"5 - 5,9 lt",,,,4.599,Instant,,,
Isı Ayarı,1000,Var,Var,"0,9 lt ve Altı",Tek,Yağlı,Dokunmatik,8.505,Tefal,,Plastik,
,1030,Yok,,,,,,546,EC,,,
,1030,Yok,,,,,,439,Essan,,,
LED Ekran,1550,Var,Var,"4 - 4,9 lt",Tek,Yağsız_Airfryer,Dokunmatik,6.799,Philips,,Plastik,
Isı Ayarı,1000,Var,Var,"0,9 lt ve Altı",Tek,Yağlı,Dokunmatik,8.505,Tefal,,Plastik,
,1500,Var,,"3 - 3,9 lt",,,,4.499,Tristar,,,
,1030,Yok,,,,,,603,EC,,,
Otomatik Kapanma,1350,Var,Var,"5 - 5,9 lt",Tek,Yağsız_Airfryer,Mekanik,3.999,Miinto,,Plastik,
LED Ekran,1500,Var,Var,"4 - 4,9 lt",Tek,Yağsız_Airfryer,Dokunmatik,3.949,Goldmaster,,Plastik,
,2400,Var,,"5 - 5,9 lt",,,,4.999,N8WERK,,,
Isı Ayarı,2000,Var,,"4 - 4,9 lt",,,,8.900,Princess,,,
Isı Ayarı,2000,Var,,"3 - 3,9 lt",,,,8.690,Princess,Gümüş,,
Isı Ayarı,2500,Yok,,"5 - 5,9 lt",Tek,Yağlı,Mekanik,3.000,Inox,Gri,Metal,
LED Ekran,1600,Var,Var,6 lt ve Üzeri,Tek,Yağsız_Airfryer,Dokunmatik,4.149,Kiwi,,Metal,
Zamanlayıcı,1600,Var,Var,"4 - 4,9 lt",,Yağsız_Airfryer,,6.199,Xiaomi,,,
Isı Ayarı,1800,Var,Var,,Tek,Yağlı,Mekanik,2.600,King,,Plastik,
Zamanlayıcı,1550,Var,Var,"4 - 4,9 lt",,Yağsız_Airfryer,Dokunmatik,6.899,Karaca,,,
Otomatik Kapanma,1650,Var,Var,"5 - 5,9 lt",,Yağsız_Airfryer,Dokunmatik,9.899,Russell,,,
Isı Ayarı,1500,Var,Var,,Tek,Yağsız_Airfryer,Dokunmatik,2.647,Fast,Bakır,Plastik,
Isı Ayarı,1300,Var,Var,,Tek,Yağsız_Airfryer,Mekanik,2.299,Karaca,Siyah,Plastik,
Çıkarılabilir Üst Kapak,225,Yok,,,,,,1.069,Shopfocus,,,"Kapasitesi 2,2 lt"
,1700,Var,,,,,,2.775,Lorenzo,,,
,1700,Var,,"5 - 5,9 lt",,,,2.299,Dalle,,,
Zamanlayıcı,1400,Var,Var,"3 - 3,9 lt",Tek,Yağsız_Airfryer,Dokunmatik,2.400,Kahramanlar,,Plastik,
,2400,Var,,6 lt ve Üzeri,,,,6.999,N8WERK,,,
,1700,Var,Var,6 lt ve Üzeri,Tek,Yağsız_Airfryer,,3.599,Wiami,,Metal,
LED Ekran,1800,Var,Var,6 lt ve Üzeri,Tek,Yağsız_Airfryer,Dokunmatik,2.720,Trident,,Metal,
,1030,Yok,,,,,,546,EC,,,
Zamanlayıcı,1550,Var,Var,"4 - 4,9 lt",Tek,Yağsız_Airfryer,Dokunmatik,9.999,Tefal,,Plastik,
,1400,Yok,,,,,,7.319,Fantom,,,
LED Ekran,1700,Var,Var,"5 - 5,9 lt",Tek,Yağsız_Airfryer,Mekanik,2.299,Dalle,,Metal,
Isı Ayarı,1600,Yok,,"2 - 2,9 lt",Tek,Yağlı,Mekanik,4.684,Awox,,Metal,
,2400,Var,,6 lt ve Üzeri,,Yağsız_Airfryer,,8.599,Arçelik,Siyah,,
Zamanlayıcı,1000,Var,Var,,Tek,Yağsız_Airfryer,Dokunmatik,2.798,Hava,,Metal,
Otomatik Kapanma,1400,Var,Var,,Tek,Yağsız_Airfryer,Mekanik,2.868,Beautiful,,Plastik,
Otomatik Kapanma,1300,Var,,6 lt ve Üzeri,,,,4.242,Çok,,,
LED Ekran,1300,Var,Var,,Tek,Yağsız_Airfryer,Dokunmatik,5.381,Görsel,,Plastik,
LED Ekran,1800,Var,Var,,Tek,Yağsız_Airfryer,Dokunmatik,4.311,Tcherchi,,Metal,
,1050,Yok,,"1 - 1,9 lt",,,,4.385,Chuangli,,,
Zamanlayıcı,1000,Var,Var,,Tek,Yağsız_Airfryer,Dokunmatik,2.796,China,,Plastik,
,1550,Var,,"4 - 4,9 lt",,,,6.499,Karaca,,Plastik,
Isı Ayarı,1000,Var,Var,"0,9 lt ve Altı",Tek,Yağlı,Dokunmatik,4.153,Fantom,,Metal,
Isı Ayarı,1000,Var,Var,"0,9 lt ve Altı",Tek,Yağlı,Dokunmatik,5.097,Wiami,,Metal,
Isı Ayarı,1750,Var,,,,,,4.999,Arzum,,,
,3000,Var,,,,,,14.990,Lincat,,,
Isı Ayarı,1700,Var,Var,6 lt ve Üzeri,Çift,Yağsız_Airfryer,Dokunmatik,4.999,Dynamic,,Metal,
LED Ekran,1800,Var,Var,6 lt ve Üzeri,Tek,Yağsız_Airfryer,Dokunmatik,4.729,Relux,,Metal,
Isı Ayarı,1700,Var,Var,"5 - 5,9 lt",Tek,Yağsız_Airfryer,Dokunmatik,3.979,Blaupunkt,,,
LED Ekran,1700,Var,Var,6 lt ve Üzeri,Tek,Yağsız_Airfryer,Dokunmatik,5.749,Smartmi,,Plastik,
Çıkarılabilir Üst Kapak,225,Var,,"5 - 5,9 lt",,,,2.278,Weichuang,,,
,2300,Var,,"3 - 3,9 lt",Tek,,,10.982,Moulinex,,,
,1000,Var,,"2 - 2,9 lt",Tek,,,6.890,Tristar,,,
Isı Ayarı,1000,Var,Var,"5 - 5,9 lt",Tek,Yağlı,Dokunmatik,2.999,Homend,,Metal,
Isı Ayarı,1400,Var,Var,6 lt ve Üzeri,Tek,Yağsız_Airfryer,Dokunmatik,4.650,Lura,,Plastik,
Zamanlayıcı,2225,Var,Var,6 lt ve Üzeri,Tek,Yağsız_Airfryer,Dokunmatik,9.999,Philips,,Plastik,
Zamanlayıcı,2225,Var,Var,6 lt ve Üzeri,Tek,Yağsız_Airfryer,Mekanik,13.999,Philips,,Plastik,
LED Ekran,1500,Var,Var,"4 - 4,9 lt",Tek,Yağsız_Airfryer,Dokunmatik,3.899,Kumtel,,Metal,
Zamanlayıcı,2225,Var,Var,6 lt ve Üzeri,Tek,Yağsız_Airfryer,Dokunmatik,9.999,Philips,,Plastik,
Isı Ayarı,1000,Var,Var,"0,9 lt ve Altı",Tek,Yağlı,Dokunmatik,5.598,Karaca,,Plastik,
Isı Ayarı,5000,Var,Yok,6 lt ve Üzeri,Çift,Yağlı,Mekanik,5.298,Drn,Gri,Metal,
Isı Ayarı,1000,Var,Var,"0,9 lt ve Altı",Tek,Yağlı,Dokunmatik,5.018,Tefal,,Plastik,
LED Ekran,1800,Var,,,,,,7.350,Leggno,,,
LED Ekran,2000,Var,,,,,,3.839,King,,,
LED Ekran,1700,Var,,,,,,8.599,Princess,,,
Isı Ayarı,1350,Var,Var,"2 - 2,9 lt",Tek,Yağsız_Airfryer,Mekanik,2.447,Aeg,,Metal,
,1500,Var,,"2 - 2,9 lt",,,,1.650,Evefix,,,
LED Ekran,2225,Var,Var,6 lt ve Üzeri,Tek,Yağsız_Airfryer,Dokunmatik,9.999,Philips,,Plastik,
LED Ekran,2700,Var,,,,,,5.089,Kaisareia,,Metal,
Isı Ayarı,1000,Var,Var,"0,9 lt ve Altı",Tek,Yağlı,Dokunmatik,5.535,Luxell,,Plastik,
Isı Ayarı,1800,Var,Var,"2 - 2,9 lt",Tek,Yağlı,Mekanik,6.148,Awox,Siyah - Gri,Metal,
LED Ekran,1500,Var,Var,,Tek,Yağsız_Airfryer,Dokunmatik,4.501,Robogil,Siyah,Metal,
Zamanlayıcı,2000,Var,Var,6 lt ve Üzeri,Tek,Yağsız_Airfryer,Dokunmatik,10.999,Philips,,Plastik,
Çıkarılabilir Üst Kapak,225,Var,,"5 - 5,9 lt",,,,2.278,Cwecom15,,,
LED Ekran,2225,Var,Var,6 lt ve Üzeri,Tek,Yağsız_Airfryer,Dokunmatik,22.999,Philips,,Metal,
,2400,Yok,,,,,,1.699,Fabcio,,,
Zamanlayıcı,1450,Var,Var,,Tek,Yağsız_Airfryer,Mekanik,1.899,Homend,Siyah - Gold,Plastik,
Zamanlayıcı,1500,Var,Var,6 lt ve Üzeri,Tek,Yağsız_Airfryer,Dokunmatik,6.599,Xiaomi,,Metal,
Isı Ayarı,2700,Var,Yok,"4 - 4,9 lt",Tek,Yağlı,Mekanik,2.541,Remta,Gri,Metal,
LED Ekran,1500,Var,Var,"3 - 3,9 lt",Tek,Yağsız_Airfryer,Dokunmatik,3.600,Vestel,Gri,Plastik,
Isı Ayarı,1000,Var,Var,"0,9 lt ve Altı",Tek,Yağlı,Dokunmatik,4.350,Xiaomi,,Metal,
Isı Ayarı,1000,Var,Var,"0,9 lt ve Altı",Tek,Yağlı,Dokunmatik,7.499,Karaca,,Plastik,
Isı Ayarı,1000,Var,Var,"0,9 lt ve Altı",Tek,Yağlı,Dokunmatik,7.748,Neutron,,Metal,
Isı Ayarı,1000,Var,Var,6 lt ve Üzeri,Tek,Yağlı,Dokunmatik,4.157,Robwell,,Metal,
Zamanlayıcı,1700,Var,Var,,Tek,Yağsız_Airfryer,Dokunmatik,3.499,Goldmaster,Siyah,Plastik,
Isı Ayarı,1000,Var,Var,"0,9 lt ve Altı",Tek,Yağlı,Dokunmatik,5.397,Wiami,,Metal,
Isı Ayarı,1000,Var,Var,"0,9 lt ve Altı",Tek,Yağlı,Dokunmatik,4.498,Blaupunkt,,Metal,
LED Ekran,1500,Var,Var,"5 - 5,9 lt",Tek,Yağsız_Airfryer,Dokunmatik,1.535,Ördekçioğlu,,Plastik,
Isı Ayarı,1000,Var,Var,"0,9 lt ve Altı",Tek,Yağlı,Dokunmatik,16.098,Philips,,Plastik,
Otomatik Kapanma,2000,Var,,"5 - 5,9 lt",Tek,Yağsız_Airfryer,Mekanik,3.399,Sem,,,
LED Ekran,1800,Yok,Var,6 lt ve Üzeri,Tek,Yağsız_Airfryer,Dokunmatik,4.389,Onvo,,Metal,
,2200,Var,Yok,"3 - 3,9 lt",Tek,Yağlı,Mekanik,13.890,Tefal,Gri,Metal,
,1200,Var,,"1 - 1,9 lt",Tek,Yağlı,Mekanik,5.890,Blue,Beyaz,Metal,
,1000,Var,,"5 - 5,9 lt",,,,4.499,Cosori,,,
Isı Ayarı,1700,Var,Var,6 lt ve Üzeri,Tek,Yağsız_Airfryer,Dokunmatik,11.299,Tefal,,Plastik,
LED Ekran,2225,Var,Var,6 lt ve Üzeri,Tek,Yağsız_Airfryer,Mekanik,13.489,Philips,,Plastik,
LED Ekran,1750,Var,Var,6 lt ve Üzeri,Tek,Yağsız_Airfryer,Dokunmatik,4.999,Beko,,Metal,
,1300,Var,Var,"3 - 3,9 lt",Tek,,Mekanik,2.999,Karaca,,,
Zamanlayıcı,1400,Var,Var,"4 - 4,9 lt",Tek,Yağsız_Airfryer,Dokunmatik,5.999,Philips,,Plastik,
Çıkarılabilir Üst Kapak,1500,Var,Var,"3 - 3,9 lt",Tek,Yağsız_Airfryer,Mekanik,2.600,Schafer,,Plastik,
LED Ekran,1500,Var,Var,"4 - 4,9 lt",,Yağsız_Airfryer,,2.248,Blaupunkt,,,
LED Ekran,1500,Var,Var,"3 - 3,9 lt",Tek,Yağsız_Airfryer,Dokunmatik,1.349,WIAMI,,Plastik,
Isı Ayarı,2400,Var,Var,6 lt ve Üzeri,Çift,Yağsız_Airfryer,Dokunmatik,3.599,Schafer,,Plastik,
Isı Ayarı,1000,Var,Var,6 lt ve Üzeri,Tek,Yağlı,Dokunmatik,4.157,Robwell,,Metal,
Isı Ayarı,1000,Var,Var,"0,9 lt ve Altı",Tek,Yağlı,Dokunmatik,7.748,Neutron,,Metal,
Zamanlayıcı,1700,Var,Var,,Tek,Yağsız_Airfryer,Dokunmatik,3.499,Goldmaster,Siyah,Plastik,
Isı Ayarı,1000,Var,Var,"0,9 lt ve Altı",Tek,Yağlı,Dokunmatik,5.397,Wiami,,Metal,
LED Ekran,1600,Var,Var,"0,9 lt ve Altı",Tek,,,2.299,Robo,,,
Isı Ayarı,1000,Var,Var,"0,9 lt ve Altı",Tek,Yağlı,Dokunmatik,4.498,Blaupunkt,,Metal,
Isı Ayarı,1000,Var,Var,"0,9 lt ve Altı",Tek,Yağlı,Dokunmatik,4.798,Onvo,,Metal,
Isı Ayarı,1000,Var,Var,"0,9 lt ve Altı",Tek,Yağlı,Dokunmatik,5.389,Farg,,Metal,
LED Ekran,1500,Var,Var,,Tek,Yağsız_Airfryer,Dokunmatik,3.355,Goldmaster,Beyaz,Plastik,
Isı Ayarı,1000,Var,Var,"0,9 lt ve Altı",Tek,Yağlı,Dokunmatik,8.248,Tigre,,Metal,
Isı Ayarı,1000,Var,Var,"0,9 lt ve Altı",Tek,Yağlı,Dokunmatik,4.598,Karaca,,Metal,
Isı Ayarı,1000,Var,Var,"0,9 lt ve Altı",Tek,Yağlı,Dokunmatik,4.797,Karaca,,Plastik,
Isı Ayarı,1550,Var,Var,6 lt ve Üzeri,Tek,Yağsız_Airfryer,Mekanik,6.859,Wiami,,Metal,
Isı Ayarı,2000,Var,Var,,Tek,Yağsız_Airfryer,Dokunmatik,4.750,KİNG,,Metal,
,1700,Var,,"5 - 5,9 lt",,,,4.199,Cosori,,,
Isı Ayarı,1800,Var,,,,,,7.999,Masterpro,,,
LED Ekran,1500,Var,Var,6 lt ve Üzeri,Tek,Yağsız_Airfryer,Dokunmatik,4.399,Trident,,Metal,
LED Ekran,1500,Var,,"3 - 3,9 lt",,,,8.299,Yasomi,,,
LED Ekran,1800,Var,Var,6 lt ve Üzeri,Tek,Yağsız_Airfryer,Dokunmatik,3.099,Onvo,Siyah,Plastik,
,1500,Var,Var,"4 - 4,9 lt",Tek,Yağsız_Airfryer,Mekanik,2.849,Blaupunkt,,,
Isı Ayarı,1500,Var,Var,"3 - 3,9 lt",Tek,Yağsız_Airfryer,Mekanik,2.899,Schafer,Beyaz,Plastik,
,1500,Var,Var,"5 - 5,9 lt",,,Dokunmatik,1.949,Simfer,,,
,1800,Var,Var,6 lt ve Üzeri,,,Dokunmatik,4.149,Simfer,,,
LED Ekran,1700,Var,,,,,,4.799,Pierre,,,
LED Ekran,2400,Var,,,,,,13.499,N8WERK,,,
,,Var,,"1 - 1,9 lt",Tek,Yağlı,Mekanik,9.890,Tefal,Gri,Metal,
LED Ekran,2000,Yok,,6 lt ve Üzeri,Tek,,Dokunmatik,14.490,Tower,,,
Isı Ayarı,1800,Var,,6 lt ve Üzeri,,,,14.199,Girmi,,,
Isı Ayarı,1000,Var,Var,"0,9 lt ve Altı",Tek,Yağlı,Dokunmatik,4.198,Neutron,,Metal,
LED Ekran,1700,Var,,"4 - 4,9 lt",,,,13.499,Runnatal,,,
LED Ekran,1500,Var,Var,"4 - 4,9 lt",Tek,Yağsız_Airfryer,Dokunmatik,8.784,Cosori,,,
,1230,Var,,,,,,4.993,Haitn,,,
Isı Ayarı,1000,Var,Var,"0,9 lt ve Altı",Tek,Yağlı,Dokunmatik,5.397,Wiami,,Metal,
Çıkarılabilir Üst Kapak,3000,Var,Yok,6 lt ve Üzeri,Tek,Yağlı,Mekanik,2.315,Festiva,,Metal,
Zamanlayıcı,1400,Var,Var,"4 - 4,9 lt",Tek,Yağsız_Airfryer,Dokunmatik,4.999,Philips,,Plastik,
Zamanlayıcı,2000,Var,Var,6 lt ve Üzeri,Tek,Yağsız_Airfryer,Dokunmatik,12.999,Philips,,Plastik,
Isı Ayarı,1500,Var,Var,"3 - 3,9 lt",Tek,Yağsız_Airfryer,Dokunmatik,4.399,Electrolux,Siyah,,
Isı Ayarı,1000,Var,Var,"0,9 lt ve Altı",Tek,Yağlı,Dokunmatik,4.797,Wimi,,Plastik,
Isı Ayarı,1000,Var,Var,"0,9 lt ve Altı",Tek,Yağlı,Dokunmatik,4.797,Karaca,,Plastik,
,1000,Var,,6 lt ve Üzeri,,,,5.499,Mutolg,,,
Isı Ayarı,1000,Var,Var,"0,9 lt ve Altı",Tek,Yağlı,Dokunmatik,4.198,Neutron,,Metal,
Isı Ayarı,1000,Var,Var,"0,9 lt ve Altı",Tek,Yağlı,Dokunmatik,5.007,Arzum,,Plastik,
Isı Ayarı,1600,Var,Var,"2 - 2,9 lt",Çift,Yağlı,Mekanik,1.400,Fasel,,Metal,
Isı Ayarı,1000,Var,Var,"0,9 lt ve Altı",Tek,Yağlı,Dokunmatik,5.397,Wiami,,Metal,
Çıkarılabilir Üst Kapak,3000,Var,Yok,6 lt ve Üzeri,Tek,Yağlı,Mekanik,2.315,Festiva,,Metal,
Isı Ayarı,1400,Var,Var,"4 - 4,9 lt",Tek,Yağsız_Airfryer,Dokunmatik,2.299,Miline,,Metal,
Isı Ayarı,1550,Var,Var,6 lt ve Üzeri,Tek,Yağsız_Airfryer,Mekanik,6.859,Wiami,,Metal,
,1300,Var,Var,"3 - 3,9 lt",Tek,,Mekanik,2.999,Karaca,,,
LED Ekran,1700,Var,,,,,,4.799,Pierre,,,
LED Ekran,1500,Var,,"3 - 3,9 lt",,,,8.299,Yasomi,,,
Isı Ayarı,1500,Var,Var,"3 - 3,9 lt",Tek,Yağsız_Airfryer,Mekanik,2.899,Schafer,Beyaz,Plastik,
,1800,Var,Var,6 lt ve Üzeri,,,Dokunmatik,4.149,Simfer,,,
,1500,Var,Var,"5 - 5,9 lt",,,Dokunmatik,1.949,Simfer,,,
Isı Ayarı,1400,Var,Var,6 lt ve Üzeri,Tek,Yağsız_Airfryer,Dokunmatik,7.900,Jumbo,,Metal,
LED Ekran,1800,Var,Var,6 lt ve Üzeri,Tek,Yağsız_Airfryer,Dokunmatik,3.099,Onvo,Siyah,Plastik,
,1500,Var,Var,"4 - 4,9 lt",Tek,Yağsız_Airfryer,Mekanik,2.849,Blaupunkt,,,
Isı Ayarı,1400,Var,,"4 - 4,9 lt",Tek,Yağsız_Airfryer,Dokunmatik,5.999,Philips,,,
LED Ekran,2500,Var,Var,6 lt ve Üzeri,Çift,Yağsız_Airfryer,Dokunmatik,14.499,Philips,,Metal,
,1400,Var,,6 lt ve Üzeri,,,,4.554,Horizon,,,
LED Ekran,1350,Var,,"4 - 4,9 lt",Tek,,,10.990,RUSSELL,,,
,1600,Var,,"2 - 2,9 lt",Tek,,,6.999,Brandt,,,
Çıkarılabilir Üst Kapak,1000,Var,Yok,,Tek,Yağlı,Mekanik,7.330,Moulinex,,,
LED Ekran,2100,Var,,6 lt ve Üzeri,Çift,,,15.455,Masterpro,,,
,1800,Var,,"2 - 2,9 lt",Tek,,,12.200,Tefal,,,
LED Ekran,1700,Var,,"4 - 4,9 lt",,,,13.499,Runnatal,,,
LED Ekran,1500,Var,Var,"4 - 4,9 lt",Tek,Yağsız_Airfryer,Dokunmatik,8.784,Cosori,,,
Isı Ayarı,1300,Var,Var,"3 - 3,9 lt",Tek,Yağsız_Airfryer,Mekanik,2.249,Karaca,,Metal,
Isı Ayarı,2500,Var,Yok,6 lt ve Üzeri,Çift,Yağlı,Mekanik,4.599,Üret,Gri,Metal,
Zamanlayıcı,1400,Var,Var,"4 - 4,9 lt",Tek,Yağsız_Airfryer,Dokunmatik,2.599,Goldmaster,Siyah,Plastik,
LED Ekran,1500,Var,Var,"3 - 3,9 lt",Tek,Yağsız_Airfryer,Dokunmatik,2.490,Xiaomi,Yeşil,Plastik,
Zamanlayıcı,1400,Var,Var,"4 - 4,9 lt",Tek,Yağsız_Airfryer,Dokunmatik,5.999,Philips,,Plastik,
Isı Ayarı,1000,Var,Var,"0,9 lt ve Altı",Tek,Yağlı,Dokunmatik,4.004,Grundig,,Metal,
Çıkarılabilir Üst Kapak,1500,Var,Var,"3 - 3,9 lt",Tek,Yağsız_Airfryer,Mekanik,2.600,Schafer,,Plastik,
LED Ekran,1500,Yok,Var,"1 - 1,9 lt",Tek,Yağsız_Airfryer,Dokunmatik,13.845,Tefal,Siyah,Plastik,
Çıkarılabilir Üst Kapak,1500,Yok,Yok,"2 - 2,9 lt",Tek,Yağlı,Mekanik,1.927,Stylelife,,Metal,
"Çıkarılabilir Üst Kapak, Isı Ayarı",1800,Var,Yok,"2 - 2,9 lt",Tek,Yağlı,Mekanik,3.499,Stilevs,,Plastik,
LED Ekran,2400,Var,,,,,,13.499,N8WERK,,,
Çıkarılabilir Üst Kapak,225,Var,,"5 - 5,9 lt",,,,2.278,Cwecom15,,,
LED Ekran,2225,Var,Var,6 lt ve Üzeri,Tek,Yağsız_Airfryer,Dokunmatik,13.999,Philips,,Metal,
Isı Ayarı,2400,Var,Var,6 lt ve Üzeri,Çift,Yağsız_Airfryer,Dokunmatik,3.599,Schafer,,Plastik,
Isı Ayarı,1000,Var,Var,"0,9 lt ve Altı",Tek,Yağlı,Dokunmatik,4.055,Schafer,,Plastik,
Isı Ayarı,1200,Var,Yok,"3 - 3,9 lt",Tek,Yağlı,Mekanik,2.310,Remta,,Metal,
Isı Ayarı,1200,Var,Yok,6 lt ve Üzeri,Çift,Yağlı,Mekanik,4.405,Remta,,Metal,
Zamanlayıcı,1800,Var,Var,"3 - 3,9 lt",Tek,Yağsız_Airfryer,Mekanik,2.687,Fakir,Beyaz,Plastik,
LED Ekran,1800,Var,Var,,Tek,Yağsız_Airfryer,Dokunmatik,7.440,Onvo,Siyah,Plastik,
Isı Ayarı,1500,Var,Var,"3 - 3,9 lt",Tek,Yağsız_Airfryer,Dokunmatik,3.239,Xiaomi,,Plastik,
Isı Ayarı,1000,Var,Var,"0,9 lt ve Altı",Tek,Yağlı,Dokunmatik,14.603,Philips,,Metal,
,1450,Var,,6 lt ve Üzeri,,,Dokunmatik,5.999,TEFAL,,Metal,
LED Ekran,1500,Var,Var,,Tek,Yağsız_Airfryer,Dokunmatik,2.800,Fra,,Plastik,
Zamanlayıcı,1800,Var,Var,"3 - 3,9 lt",Tek,Yağsız_Airfryer,Mekanik,2.687,Fakir,Beyaz,Plastik,
,1500,Var,,"3 - 3,9 lt",,,,2.299,Vestel,,,
Isı Ayarı,2000,Var,Var,6 lt ve Üzeri,Tek,Yağsız_Airfryer,Dokunmatik,4.999,Fabcio,,Metal,
Isı Ayarı,1000,Var,Var,"0,9 lt ve Altı",Tek,Yağlı,Dokunmatik,8.499,Karaca,,Plastik,
Isı Ayarı,1300,Var,Var,,Tek,Yağsız_Airfryer,Dokunmatik,3.899,Karaca,Siyah,Metal,
Isı Ayarı,1000,Var,Var,"5 - 5,9 lt",Tek,Yağlı,Dokunmatik,4.299,Karaca,,Metal,
Isı Ayarı,1650,Var,Var,"5 - 5,9 lt",Tek,Yağsız_Airfryer,,4.214,SC300,,Plastik,
LED Ekran,1500,Yok,Var,"4 - 4,9 lt",Tek,Yağsız_Airfryer,Dokunmatik,1.899,Valletta,,Plastik,
LED Ekran,2225,Var,Var,6 lt ve Üzeri,Tek,Yağsız_Airfryer,Dokunmatik,18.999,Philips,,,
,1700,Var,,6 lt ve Üzeri,,,,11.999,Kenwood,,,
LED Ekran,2225,Var,Var,6 lt ve Üzeri,Tek,Yağsız_Airfryer,Dokunmatik,17.899,Philips,,Plastik,
LED Ekran,1800,Var,Var,,Tek,Yağsız_Airfryer,Dokunmatik,2.599,Smartmi,,Plastik,
LED Ekran,2000,Var,Var,,Tek,Yağsız_Airfryer,Dokunmatik,9.500,Philips,Gri,Metal,
LED Ekran,1500,Yok,Var,"5 - 5,9 lt",Tek,Yağsız_Airfryer,Dokunmatik,4.150,Eratec,,,
LED Ekran,1400,Var,Var,"5 - 5,9 lt",Tek,Yağsız_Airfryer,Dokunmatik,2.500,Kahramanlar,Siyah,Plastik,
LED Ekran,1600,Var,Var,"5 - 5,9 lt",Tek,Yağsız_Airfryer,Dokunmatik,3.450,Silencare,,Plastik,
Isı Ayarı,1500,Var,Var,"3 - 3,9 lt",Tek,Yağsız_Airfryer,Dokunmatik,3.365,Arçelik,,Plastik,
,1400,Var,,,,,,3.448,Coco,,,
Isı Ayarı,1500,Var,Var,,Tek,Yağsız_Airfryer,Dokunmatik,3.099,Proscenic,Siyah,Plastik,
Isı Ayarı,5000,Var,Yok,6 lt ve Üzeri,Çift,Yağlı,Mekanik,5.981,Drn,Gri,Metal,
Isı Ayarı,5000,Var,Yok,6 lt ve Üzeri,Çift,Yağlı,Mekanik,7.075,Drn,Gri,Metal,
Çıkarılabilir Üst Kapak,1000,Var,,,,,,5.999,Arzum,,,
,1000,Var,,"2 - 2,9 lt",,,,3.421,Conti,,,
Zamanlayıcı,1150,Yok,,,,,,3.999,Wiami,,,
Zamanlayıcı,1500,Var,,"3 - 3,9 lt",,Yağsız_Airfryer,,3.599,Xiaomi,,,
LED Ekran,2000,Var,Var,,Tek,Yağsız_Airfryer,Dokunmatik,9.500,Philips,Gri,Metal,
Otomatik Kapanma,2700,Var,Var,6 lt ve Üzeri,Çift,Yağsız_Airfryer,Dokunmatik,10.199,Tefal,,,
LED Ekran,1500,Yok,Var,"5 - 5,9 lt",Tek,Yağsız_Airfryer,Dokunmatik,4.150,Eratec,,,
Isı Ayarı,1700,Var,Var,6 lt ve Üzeri,Çift,Yağsız_Airfryer,Dokunmatik,3.659,Blaupunkt,,Plastik,
,1050,Var,,"1 - 1,9 lt",,,,5.999,Cosori,,,
Isı Ayarı,1600,Var,Var,"4 - 4,9 lt",Tek,Yağsız_Airfryer,Mekanik,4.189,Xiaomi,,Plastik,
Isı Ayarı,1500,Var,Var,"4 - 4,9 lt",Tek,Yağsız_Airfryer,Dokunmatik,5.199,Cosori,,Plastik,
LED Ekran,1500,Var,Var,"3 - 3,9 lt",Çift,Yağsız_Airfryer,Dokunmatik,3.850,Arçelik,,Metal,
Isı Ayarı,1600,Var,Var,"3 - 3,9 lt",Tek,Yağsız_Airfryer,Mekanik,1.429,Instant,Siyah,Plastik,
Isı Ayarı,3600,Var,,6 lt ve Üzeri,,,,13.350,Tristar,,,
Isı Ayarı,3750,Var,,"5 - 5,9 lt",,,,9.910,Princess,,,
LED Ekran,1800,Var,,6 lt ve Üzeri,,Yağsız_Airfryer,Dokunmatik,13.540,Princess,Siyah,,
Isı Ayarı,1000,Var,Var,"0,9 lt ve Altı",Tek,Yağlı,Dokunmatik,5.598,Pierre,,Metal,
,1500,Var,,"4 - 4,9 lt",,,,3.899,Philips,,,
Çıkarılabilir Üst Kapak,1000,Var,,,,,,7.319,Xnews,,,
Çıkarılabilir Üst Kapak,1500,Var,Var,6 lt ve Üzeri,Tek,Yağsız_Airfryer,Dokunmatik,5.499,Miinto,,Plastik,
LED Ekran,1350,Var,Var,"5 - 5,9 lt",Tek,Yağsız_Airfryer,Mekanik,3.999,Miinto,,Plastik,
"Zamanlayıcı, Çıkarılabilir Üst Kapak, Isı Ayarı",1800,Var,,"2 - 2,9 lt",Tek,Yağlı,Mekanik,9.890,Arnica,Gri,,
LED Ekran,1500,Var,Var,"3 - 3,9 lt",Tek,Yağlı,Dokunmatik,2.999,Severin,,Plastik,
LED Ekran,1400,Var,Var,6 lt ve Üzeri,Tek,Yağsız_Airfryer,Dokunmatik,8.330,Klarstein,,Plastik,
Isı Ayarı,1000,Var,Var,"0,9 lt ve Altı",Tek,Yağlı,Dokunmatik,4.390,OVFRY08-MNL,,Metal,
Isı Ayarı,1200,Yok,,6 lt ve Üzeri,Tek,Yağlı,Mekanik,3.402,Işıkgaz,Gri,Metal,
Otomatik Kapanma,1200,Var,Var,"3 - 3,9 lt",Tek,Yağsız_Airfryer,Dokunmatik,2.999,Miinto,,Plastik,
LED Ekran,1700,Var,Var,"5 - 5,9 lt",Tek,Yağsız_Airfryer,Dokunmatik,2.299,Dalle,,Metal,
Isı Ayarı,1000,Var,Var,"0,9 lt ve Altı",Tek,Yağlı,Dokunmatik,5.388,Beko,,Metal,
Isı Ayarı,1000,Var,Var,"0,9 lt ve Altı",Tek,Yağlı,Dokunmatik,6.585,Airfryer,,Metal,
Isı Ayarı,1000,Var,Var,"0,9 lt ve Altı",Tek,Yağlı,Dokunmatik,5.598,Pierre,,Metal,
,1500,Var,,"4 - 4,9 lt",,,,3.899,Philips,,,
Isı Ayarı,1000,Var,Var,"0,9 lt ve Altı",Tek,Yağlı,Dokunmatik,4.798,Vestel,,Metal,
Zamanlayıcı,900,Yok,,,,,,375,A,Beyaz,,
Isı Ayarı,1300,Var,Var,"5 - 5,9 lt",Tek,Yağsız_Airfryer,Dokunmatik,4.374,KKmoon,,,
Çıkarılabilir Üst Kapak,800,Var,,,,,,426,A,,Metal,
LED Ekran,1000,Var,Var,,Tek,Yağsız_Airfryer,Mekanik,2.383,Xystarry,,Metal,
,1100,Var,,"1 - 1,9 lt",,,,6.322,Raycy,,,
Çıkarılabilir Üst Kapak,800,Var,,,,,,584,Tuz,,Metal,
,950,Var,,"0,9 lt ve Altı",,,,5.448,Raycy,,,
LED Ekran,1400,Var,Var,,Tek,Yağsız_Airfryer,Dokunmatik,4.006,Shenzhen,,Metal,
,1050,Var,,,,,,3.373,Fengxun-HB,,,
Otomatik Kapanma,800,Var,Var,"1 - 1,9 lt",Tek,Yağsız_Airfryer,Dokunmatik,2.566,Asdfgh,,Metal,
,1050,Var,,,,,,3.345,Gabriel,,,
LED Ekran,1000,Var,Var,,Tek,Yağsız_Airfryer,Dokunmatik,2.440,Xystarry,,Metal,
,1400,Var,,,,,,3.448,Coco,,,
LED Ekran,2225,Var,Var,6 lt ve Üzeri,Tek,Yağsız_Airfryer,Dokunmatik,15.999,Philips,,Metal,
LED Ekran,1800,Var,Var,,Tek,Yağsız_Airfryer,Dokunmatik,2.599,Smartmi,,Plastik,
Isı Ayarı,1000,Var,Var,"0,9 lt ve Altı",Tek,Yağlı,Dokunmatik,5.325,Karaca,,Plastik,
Çıkarılabilir Üst Kapak,2000,Var,Yok,"1 - 1,9 lt",Tek,Yağlı,Mekanik,4.999,Tefal,,Metal,
LED Ekran,2225,Var,Var,6 lt ve Üzeri,Tek,Yağsız_Airfryer,Dokunmatik,11.699,Philips,,Metal,
LED Ekran,2225,Var,Var,6 lt ve Üzeri,Tek,Yağsız_Airfryer,Dokunmatik,29.999,Philips,,Plastik,
Isı Ayarı,1750,Var,Var,6 lt ve Üzeri,Tek,Yağsız_Airfryer,Dokunmatik,10.299,Cosori,,,
Zamanlayıcı,2225,Var,Var,6 lt ve Üzeri,Tek,Yağsız_Airfryer,Dokunmatik,17.999,Philips,,,
Isı Ayarı,1000,Var,Var,"0,9 lt ve Altı",Tek,Yağlı,Dokunmatik,5.217,Sinbo,,Plastik,
Zamanlayıcı,1600,Var,,"3 - 3,9 lt",,,,14.499,Delonghi,,,
LED Ekran,2000,Var,,,,,,3.999,Goldmaster,,,
,1700,Var,,6 lt ve Üzeri,,,,11.999,Kenwood,,,
Isı Ayarı,1500,Var,Var,"3 - 3,9 lt",Tek,Yağsız_Airfryer,Dokunmatik,3.365,Arçelik,,Plastik,
,1400,Var,,,,,,3.448,Coco,,,
LED Ekran,1500,Var,Var,"3 - 3,9 lt",Tek,Yağsız_Airfryer,Dokunmatik,3.275,Kenwood,,Plastik,
,1700,Var,,"5 - 5,9 lt",,,,3.700,Ladin,,,
Isı Ayarı,1500,Var,Var,,Tek,Yağsız_Airfryer,Dokunmatik,3.099,Proscenic,Siyah,Plastik,
Isı Ayarı,1000,Var,Var,"0,9 lt ve Altı",Tek,Yağlı,Dokunmatik,4.193,Vertex,,Metal,
LED Ekran,2225,Var,,6 lt ve Üzeri,Tek,Yağsız_Airfryer,Dokunmatik,17.499,Philips,,Paslanmaz Çelik,
Zamanlayıcı,2225,Var,Var,6 lt ve Üzeri,Tek,Yağsız_Airfryer,Dokunmatik,17.999,Philips,,Plastik,
Isı Ayarı,1650,Var,Var,"5 - 5,9 lt",Tek,Yağsız_Airfryer,,4.214,SC300,,Plastik,
Isı Ayarı,2225,Var,Var,6 lt ve Üzeri,Tek,Yağsız_Airfryer,Dokunmatik,13.999,Philips,,,
Isı Ayarı,1000,Var,,"5 - 5,9 lt",,,,5.382,Dermus,,,
Çıkarılabilir Üst Kapak,1000,Var,,,,,,7.319,Xnews,,,
"Zamanlayıcı, Çıkarılabilir Üst Kapak, Isı Ayarı",1800,Var,,"2 - 2,9 lt",Tek,Yağlı,Mekanik,9.890,Arnica,Gri,,
LED Ekran,1350,Var,Var,"5 - 5,9 lt",Tek,Yağsız_Airfryer,Mekanik,3.999,Miinto,,Plastik,
Isı Ayarı,3200,Var,Yok,6 lt ve Üzeri,Tek,Yağlı,Mekanik,3.999,Drn,Gri,Metal,
Çıkarılabilir Üst Kapak,1000,Var,,,,,,5.999,Arzum,,,
,1000,Var,,"2 - 2,9 lt",,,,3.421,Conti,,,
Isı Ayarı,5000,Var,Yok,6 lt ve Üzeri,Çift,Yağlı,Mekanik,7.075,Drn,Gri,Metal,
Isı Ayarı,5000,Var,Yok,6 lt ve Üzeri,Çift,Yağlı,Mekanik,5.981,Drn,Gri,Metal,
LED Ekran,1500,Var,Var,"4 - 4,9 lt",Tek,Yağsız_Airfryer,Dokunmatik,3.299,Moulinex,Siyah,,
,300,Var,,,,,,3.562,Haitn,,,
Zamanlayıcı,1500,Var,,"3 - 3,9 lt",,Yağsız_Airfryer,,3.599,Xiaomi,,,
Isı Ayarı,2400,Var,,6 lt ve Üzeri,,,,2.699,Fakir,,,
Otomatik Kapanma,2700,Var,Var,6 lt ve Üzeri,Çift,Yağsız_Airfryer,Dokunmatik,10.199,Tefal,,,
Otomatik Kapanma,1700,Var,Var,,Tek,Yağsız_Airfryer,Dokunmatik,6.649,Goldmaster,Siyah,Plastik,
Çıkarılabilir Üst Kapak,2000,Var,Yok,"1 - 1,9 lt",Tek,Yağlı,Mekanik,4.999,Tefal,,Metal,
Isı Ayarı,1750,Var,Var,6 lt ve Üzeri,Tek,Yağsız_Airfryer,Dokunmatik,10.299,Cosori,,,
LED Ekran,2225,Var,Var,6 lt ve Üzeri,Tek,Yağsız_Airfryer,Dokunmatik,29.999,Philips,,Plastik,
LED Ekran,2225,Var,Var,6 lt ve Üzeri,Tek,Yağsız_Airfryer,Dokunmatik,11.699,Philips,,Metal,
Zamanlayıcı,1400,Var,,,,,,2.949,Fantom,,,
,1350,Var,Var,"4 - 4,9 lt",,Yağsız_Airfryer,Dokunmatik,1.849,Simfer,,,
LED Ekran,1500,Var,Var,"3 - 3,9 lt",Çift,Yağsız_Airfryer,Dokunmatik,3.850,Arçelik,,Metal,
Isı Ayarı,1000,Var,Var,"1 - 1,9 lt",Tek,Yağlı,Mekanik,1.249,Sunny,,Paslanmaz Çelik,
Zamanlayıcı,1650,Var,Var,,Tek,Yağsız_Airfryer,Mekanik,3.499,Sem,,Plastik,
LED Ekran,1400,Var,Var,"5 - 5,9 lt",Tek,Yağsız_Airfryer,Dokunmatik,2.299,Homend,Siyah - Gri,Plastik,
LED Ekran,2225,Var,Var,6 lt ve Üzeri,Çift,Yağsız_Airfryer,Dokunmatik,11.999,Philips,,Plastik,
LED Ekran,1500,Var,Var,,Tek,Yağsız_Airfryer,Dokunmatik,2.998,Kenwood,,Plastik,
,1050,Var,,,,,,3.499,Bambum,,,
Zamanlayıcı,1650,Var,Var,,Tek,Yağsız_Airfryer,Mekanik,3.499,Sem,,Plastik,
,1000,Var,,"2 - 2,9 lt",,,,3.421,Conti,,,
Zamanlayıcı,1300,Var,Var,,Tek,Yağsız_Airfryer,Dokunmatik,1.659,Onvo,Siyah,Plastik,
LED Ekran,1800,Var,,6 lt ve Üzeri,,,,14.785,Tristar,,,
LED Ekran,1400,Var,Var,"4 - 4,9 lt",Tek,Yağsız_Airfryer,Dokunmatik,11.990,G3,Beyaz,Plastik,
Isı Ayarı,1000,Var,Var,"0,9 lt ve Altı",Tek,Yağlı,Dokunmatik,4.797,Kiwi,,Plastik,
Zamanlayıcı,1000,Var,Var,,Tek,Yağsız_Airfryer,Dokunmatik,2.804,Hava,,Metal,
Isı Ayarı,700,Var,,,,,,588,Jimmy,,,
Çıkarılabilir Üst Kapak,900,Yok,,,,,,384,Shining,,,
Isı Ayarı,1300,Var,Var,"4 - 4,9 lt",Tek,Yağsız_Airfryer,Mekanik,4.617,Jimmy,,Plastik,
,950,Var,,"0,9 lt ve Altı",,,,5.448,Chuangli,,,
,1500,Var,,,,,,5.236,Ecolife,,,
,750,Var,,"3 - 3,9 lt",,,,1.322,Htun,,,
Çıkarılabilir Üst Kapak,225,Yok,Yok,,Tek,Yağlı,Mekanik,1.171,Beauty,,,
LED Ekran,1000,Var,Var,,Tek,Yağsız_Airfryer,Dokunmatik,2.543,Xystarry,,Metal,
,1350,Var,,,,,,3.280,Ecolife,,,
Isı Ayarı,1100,Var,Var,6 lt ve Üzeri,Tek,Yağsız_Airfryer,Mekanik,3.972,SW,Yeşil,Plastik,
,1500,Var,,,,,,2.994,Coco,,,
,1050,Var,,6 lt ve Üzeri,,,,7.394,Lele,,,
Isı Ayarı,1000,Var,Var,"0,9 lt ve Altı",Tek,Yağlı,Dokunmatik,8.050,Beko,,Metal,
LED Ekran,1500,Var,Var,"3 - 3,9 lt",Tek,Yağsız (Airfryer),Dokunmatik,1.999,Xiaomi,,,
Isı Ayarı,2000,Var,,,,,,6.199,Philips,,,
LED Ekran,2250,Var,Var,,Tek,Yağsız (Airfryer),Mekanik,9.299,Philips,,,
Isı Ayarı,1500,Var,Var,"3 - 3,9 lt",Tek,Yağsız (Airfryer),Mekanik,1.049,Altus,Siyah,Plastik,
Zamanlayıcı,1800,Var,Var,,Çift,Yağsız (Airfryer),Dokunmatik,4.899,Tefal,,Plastik,
LED Ekran,1800,Var,Var,6 lt ve Üzeri,Tek,Yağsız (Airfryer),Dokunmatik,1.799,Yui,,Metal,
,1800,Var,,,,,,1.899,Kumtel,,,
LED Ekran,1500,Var,Var,,Tek,Yağsız (Airfryer),Dokunmatik,3.579,Xiaomi,Siyah,Plastik,
LED Ekran,1550,Var,Var,,Tek,Yağsız (Airfryer),Dokunmatik,2.549,Karaca,,Metal,
,2200,Var,,,,,,10.399,Philips,,,
LED Ekran,1400,Var,Var,"4 - 4,9 lt",Tek,Yağsız (Airfryer),Dokunmatik,3.119,Philips,,Plastik,
Zamanlayıcı,1800,Var,Var,,Çift,Yağsız (Airfryer),Dokunmatik,8.899,Tefal,,Plastik,
LED Ekran,1500,Var,Var,,Tek,Yağsız (Airfryer),Dokunmatik,1.299,Sinbo,,Plastik,
,2200,Var,,6 lt ve Üzeri,,,,9.399,Philips,,,
LED Ekran,1350,Var,Var,"3 - 3,9 lt",Tek,Yağsız (Airfryer),Dokunmatik,1.099,Yasomi,,Plastik,
,1700,Var,,"5 - 5,9 lt",,,,4.799,Philips,,,
Isı Ayarı,1550,Var,Var,,Tek,Yağsız (Airfryer),Mekanik,1.799,Karaca,,Metal,
Isı Ayarı,1200,Var,Var,"5 - 5,9 lt",Tek,Yağsız (Airfryer),Dokunmatik,1.199,Taotronics,Siyah - Gri,Plastik,
Isı Ayarı,1900,Var,Var,6 lt ve Üzeri,Tek,,Dokunmatik,3.499,Grundig,,Plastik,
,2225,Var,Var,6 lt ve Üzeri,Tek,Yağsız (Airfryer),Dokunmatik,6.199,Philips,Siyah,Plastik,
,1500,Var,,,,,,1.599,Uniwho,,,
Isı Ayarı,1350,Var,Var,"4 - 4,9 lt",Tek,Yağsız (Airfryer),Mekanik,1.651,ARZUM,,Plastik,
,1550,Var,,"4 - 4,9 lt",,,,2.999,Philips,,,
Zamanlayıcı,1800,Var,Var,6 lt ve Üzeri,Tek,Yağsız (Airfryer),Dokunmatik,2.499,Yui,,Plastik,
Isı Ayarı,1700,Var,Var,,Tek,Yağsız (Airfryer),Dokunmatik,1.999,Hutt,Gri,Plastik,
LED Ekran,1500,Var,Var,,Tek,Yağsız (Airfryer),Dokunmatik,1.798,Kumtel,,,
Zamanlayıcı,1550,Var,Var,"4 - 4,9 lt",Tek,Yağsız (Airfryer),Mekanik,2.897,Tefal,,,
LED Ekran,1700,Var,Var,6 lt ve Üzeri,Çift,Yağsız (Airfryer),Dokunmatik,2.499,HUTT,Siyah,Plastik,
,1400,Var,Var,"4 - 4,9 lt",Tek,,Dokunmatik,5.999,Philips,,Plastik,
Isı Ayarı,1000,Var,Var,"0,9 lt ve Altı",Tek,Yağlı,Dokunmatik,7.988,Kiwi,,Plastik,
Otomatik Kapanma,2000,Yok,Var,6 lt ve Üzeri,Tek,Yağsız (Airfryer),Dokunmatik,7.990,Mi,,Plastik,
Isı Ayarı,1800,Var,Var,"5 - 5,9 lt",Tek,Yağsız (Airfryer),Mekanik,3.499,WIAMI,,,
Zamanlayıcı,2225,Var,Var,6 lt ve Üzeri,Tek,Yağsız (Airfryer),Dokunmatik,10.999,Philips,,Plastik,
LED Ekran,1300,Var,Var,"2 - 2,9 lt",Tek,Yağsız (Airfryer),Dokunmatik,3.799,Silencare,Beyaz,Plastik,
,2350,Var,,,,,,3.499,Kiwi,,,
LED Ekran,1700,Var,Var,"5 - 5,9 lt",Tek,Yağsız (Airfryer),Dokunmatik,2.299,Dalle,,Metal,
LED Ekran,1500,Var,Var,"5 - 5,9 lt",Tek,Yağsız (Airfryer),Dokunmatik,3.696,Farg,,Metal,
Isı Ayarı,2700,Var,Yok,"5 - 5,9 lt",Tek,Yağlı,Mekanik,9.140,Himaksan,Gri,Metal,
Isı Ayarı,2500,Var,Yok,"3 - 3,9 lt",Tek,Yağlı,Mekanik,2.648,Himaksan,Gri,Metal,
Isı Ayarı,1500,Var,Var,,Tek,Yağsız (Airfryer),Mekanik,1.950,Luxell,,Plastik,
,1400,Var,,,,,,3.499,Fantom,,,
Isı Ayarı,5000,Var,Yok,6 lt ve Üzeri,Tek,Yağlı,Mekanik,12.372,Drn,Gri,Metal,
,1050,Var,,"0,9 lt ve Altı",,,,7.394,Eco,,,
LED Ekran,1450,Var,,,,,,3.087,Wiami,,,
,1500,Var,,"2 - 2,9 lt",,,,1.499,5DM,,,
Zamanlayıcı,2225,Var,Var,6 lt ve Üzeri,Tek,Yağsız (Airfryer),Dokunmatik,9.999,Philips,,Plastik,
LED Ekran,1500,Var,Var,"4 - 4,9 lt",Tek,Yağsız (Airfryer),Dokunmatik,5.999,uKumtel,,Plastik,
Isı Ayarı,1000,Var,Var,"0,9 lt ve Altı",Tek,Yağlı,Dokunmatik,3.799,Arçelik,,Metal,
LED Ekran,1700,Var,Var,"5 - 5,9 lt",Tek,Yağsız (Airfryer),Dokunmatik,7.999,Philips,,Plastik,
Isı Ayarı,1000,Var,Var,"0,9 lt ve Altı",Tek,Yağlı,Dokunmatik,4.797,Onvo,,Metal,
LED Ekran,1500,Var,,"3 - 3,9 lt",Tek,Yağsız (Airfryer),Dokunmatik,14.390,Ninja,Gri,,
,1030,Var,,"1 - 1,9 lt",Tek,,,9.855,Moulinex,,,
,1500,Var,,,,,,2.994,Coco,,,
,1050,Var,,6 lt ve Üzeri,,,,7.394,Lele,,,
,1000,Var,,"1 - 1,9 lt",,,,12.999,Tefal,,,
Isı Ayarı,1800,Var,Var,6 lt ve Üzeri,Tek,Yağsız (Airfryer),Dokunmatik,4.899,Goldmaster,,,
,1800,Var,,,,,,3.430,Kumtel,,,
,1700,Var,,6 lt ve Üzeri,,,,7.999,Arow,,,
LED Ekran,1700,Var,Var,"5 - 5,9 lt",Tek,Yağsız (Airfryer),Dokunmatik,7.999,Philips,,Plastik,
Zamanlayıcı,1300,Var,Var,,Tek,Yağsız (Airfryer),Dokunmatik,1.659,Onvo,Siyah,Plastik,
Isı Ayarı,1000,Var,Var,"0,9 lt ve Altı",Tek,Yağlı,Dokunmatik,4.797,Onvo,,Metal,
,1700,Var,,6 lt ve Üzeri,Çift,,,17.335,Beper,,,
,1000,Var,,"1 - 1,9 lt",Tek,,,6.160,Tristar,,,
,3200,Var,,"3 - 3,9 lt",Tek,,,14.100,Delonghi,,,
LED Ekran,1500,Var,,"3 - 3,9 lt",Tek,Yağsız (Airfryer),Dokunmatik,14.390,Ninja,Gri,,
,1030,Var,,"1 - 1,9 lt",Tek,,,9.855,Moulinex,,,
LED Ekran,1500,Var,Var,"4 - 4,9 lt",Tek,Yağsız (Airfryer),Dokunmatik,3.599,Tefal,,Plastik,
LED Ekran,2225,Var,Var,6 lt ve Üzeri,Tek,Yağsız (Airfryer),Dokunmatik,10.999,Philips,,Metal,
Isı Ayarı,1000,Var,Var,"5 - 5,9 lt",Tek,Yağlı,Dokunmatik,3.049,Homend,,Plastik,
Isı Ayarı,1400,Var,Var,6 lt ve Üzeri,Çift,Yağsız (Airfryer),Mekanik,4.999,1400W,,Metal,
,1400,Var,,,,,,3.399,Fantom,,,
LED Ekran,1700,Var,Var,6 lt ve Üzeri,Tek,Yağsız (Airfryer),Dokunmatik,5.899,Goldmaster,,Metal,
Zamanlayıcı,1450,Var,Var,"5 - 5,9 lt",Tek,Yağsız (Airfryer),Dokunmatik,4.040,Silencare,,,
Isı Ayarı,1000,Var,Yok,"0,9 lt ve Altı",Tek,Yağlı,Dokunmatik,6.997,HD9952/00,,Metal,
Isı Ayarı,1000,Var,Var,"0,9 lt ve Altı",Tek,Yağlı,Dokunmatik,870,Essan,,Metal,
,1500,Var,Var,"5 - 5,9 lt",,Yağsız (Airfryer),,2.500,Cvc,,,
LED Ekran,1750,Var,Var,6 lt ve Üzeri,Tek,Yağsız (Airfryer),Dokunmatik,7.999,Arzum,,,
,1000,Var,,"1 - 1,9 lt",,,,12.999,Tefal,,,
LED Ekran,2225,Var,Var,6 lt ve Üzeri,Tek,Yağsız (Airfryer),Dokunmatik,12.999,Philips,,Metal,
Zamanlayıcı,1000,Var,Var,,Tek,Yağsız (Airfryer),Mekanik,1.344,Kiwi,Siyah - Gold,Metal,
,1100,Var,,6 lt ve Üzeri,,,,7.299,Schafer,,,
Isı Ayarı,1400,Var,Var,6 lt ve Üzeri,Çift,Yağsız (Airfryer),Mekanik,4.999,1400W,,Metal,
Isı Ayarı,1000,Var,Var,"5 - 5,9 lt",Tek,Yağlı,Dokunmatik,3.049,Homend,,Plastik,
,1400,Var,,,,,,3.399,Fantom,,,
Isı Ayarı,1000,Var,Var,"0,9 lt ve Altı",Tek,Yağlı,Dokunmatik,5.947,Luxell,,Metal,
,,,,,,,,,,,,
Çıkarılabilir Üst Kapak,1000,Var,Yok,,Tek,Yağlı,Mekanik,3.998,Profilo,,Plastik,
LED Ekran,1700,Var,Var,6 lt ve Üzeri,Çift,Yağsız (Airfryer),Dokunmatik,3.400,Rexon,,Metal,
Isı Ayarı,1000,Var,Var,"0,9 lt ve Altı",Tek,Yağlı,Dokunmatik,6.747,Wiami,,Metal,
Isı Ayarı,1000,Var,Var,"0,9 lt ve Altı",Tek,Yağlı,Dokunmatik,5.080,Noona,,Metal,
Isı Ayarı,1000,Var,Var,"0,9 lt ve Altı",Tek,Yağlı,Dokunmatik,8.370,Luxell,,Metal,
Isı Ayarı,1000,Var,Var,"0,9 lt ve Altı",Tek,Yağlı,Dokunmatik,4.480,Xa,,Metal,
Isı Ayarı,1000,Var,Var,"0,9 lt ve Altı",Tek,Yağlı,Dokunmatik,4.797,Taotronics,,Plastik,
Isı Ayarı,1000,Var,Var,"0,9 lt ve Altı",Tek,Yağlı,Dokunmatik,7.947,Havuz,,Plastik,
,840,Var,,"3 - 3,9 lt",,,,935,Smiling,,,
,1100,Var,,"1 - 1,9 lt",,,,6.322,Eco,,,
,1150,Var,,"0,9 lt ve Altı",,,,5.734,Eco,,,
,3500,Var,,,,,,3.352,Amelia,,,
,1000,Var,,6 lt ve Üzeri,,,,21.779,Electrolux,,,
,1800,Var,,,,,,3.430,Kumtel,,,
Isı Ayarı,1850,Var,Var,,Tek,Yağsız (Airfryer),Dokunmatik,3.899,Baysem,Siyah,Plastik,
,2350,Var,,,,,,3.499,Kiwi,,,
Zamanlayıcı,2225,Var,Var,6 lt ve Üzeri,Tek,Yağsız (Airfryer),Dokunmatik,10.999,Philips,,Plastik,
LED Ekran,1300,Var,Var,"2 - 2,9 lt",Tek,Yağsız (Airfryer),Dokunmatik,3.799,Silencare,Beyaz,Plastik,
Otomatik Kapanma,2000,Yok,Var,6 lt ve Üzeri,Tek,Yağsız (Airfryer),Dokunmatik,7.990,Mi,,Plastik,
Isı Ayarı,1800,Var,Var,"5 - 5,9 lt",Tek,Yağsız (Airfryer),Mekanik,3.499,WIAMI,,,
Isı Ayarı,1000,Var,Var,"0,9 lt ve Altı",Tek,Yağlı,Dokunmatik,7.988,Kiwi,,Plastik,
Zamanlayıcı,800,Var,Var,"2 - 2,9 lt",Tek,Yağsız (Airfryer),Mekanik,1.199,Kiwi,,Plastik,
LED Ekran,1700,Var,Var,6 lt ve Üzeri,Tek,Yağsız (Airfryer),Dokunmatik,5.899,Goldmaster,,Metal,
LED Ekran,2850,Var,Var,,Tek,Yağsız (Airfryer),Dokunmatik,3.950,King,Siyah,Metal,
Isı Ayarı,1800,Var,Var,"1 - 1,9 lt",Tek,Yağsız (Airfryer),Dokunmatik,4.899,Trident,,Metal,
Zamanlayıcı,1500,Var,Var,,Tek,Yağsız (Airfryer),Dokunmatik,2.960,Taç,Siyah,Metal,
Zamanlayıcı,1500,Var,Var,"1 - 1,9 lt",Tek,Yağsız (Airfryer),Dokunmatik,2.530,Tefal,,Plastik,
Isı Ayarı,2000,Var,,"5 - 5,9 lt",,,,10.500,Tristar,,,
LED Ekran,1500,Var,,6 lt ve Üzeri,,,,16.990,Uten,,,
LED Ekran,1200,Yok,Var,"4 - 4,9 lt",Tek,Yağsız (Airfryer),Dokunmatik,3.329,Trcool,,Metal,
,2000,Var,,,,,,2.577,Amelia,,,
LED Ekran,1700,Var,Var,6 lt ve Üzeri,Tek,Yağsız (Airfryer),Dokunmatik,3.999,Trident,Siyah,,
LED Ekran,1700,Var,Var,6 lt ve Üzeri,Çift,Yağsız (Airfryer),Dokunmatik,8.499,Karaca,,Metal,
Isı Ayarı,2400,Var,Var,"3 - 3,9 lt",Tek,,Mekanik,6.499,Karaca,,Metal,
,2225,Var,,6 lt ve Üzeri,Tek,,Dokunmatik,18.899,Philips,,,
Zamanlayıcı,1350,Var,Var,"2 - 2,9 lt",Tek,Yağsız (Airfryer),Mekanik,5.449,Karaca,Siyah,Plastik,
LED Ekran,2225,Var,Var,6 lt ve Üzeri,Tek,Yağsız (Airfryer),Dokunmatik,18.499,Philips,,Plastik,
Çıkarılabilir Üst Kapak,2000,Var,,"3 - 3,9 lt",,,,12.390,Venga,,,
LED Ekran,1500,Var,Var,"3 - 3,9 lt",Tek,Yağsız (Airfryer),Dokunmatik,1.999,Xiaomi,,,
Isı Ayarı,1500,Var,Var,"3 - 3,9 lt",Tek,Yağsız (Airfryer),Mekanik,1.049,Altus,Siyah,Plastik,
Zamanlayıcı,1800,Var,Var,,Çift,Yağsız (Airfryer),Dokunmatik,4.899,Tefal,,Plastik,
LED Ekran,1800,Var,Var,6 lt ve Üzeri,Tek,Yağsız (Airfryer),Dokunmatik,1.799,Yui,,Metal,
LED Ekran,2250,Var,Var,,Tek,Yağsız (Airfryer),Mekanik,9.299,Philips,,,
Isı Ayarı,2000,Var,,,,,,6.199,Philips,,,
,1800,Var,,,,,,1.899,Kumtel,,,
,2200,Var,,,,,,10.399,Philips,,,
LED Ekran,1500,Var,Var,,Tek,Yağsız (Airfryer),Dokunmatik,3.579,Xiaomi,Siyah,Plastik,
LED Ekran,1550,Var,Var,,Tek,Yağsız (Airfryer),Dokunmatik,2.549,Karaca,,Metal,
LED Ekran,1400,Var,Var,"4 - 4,9 lt",Tek,Yağsız (Airfryer),Dokunmatik,3.119,Philips,,Plastik,
,1700,Var,,"5 - 5,9 lt",,,,4.799,Philips,,,
LED Ekran,1500,Var,Var,,Tek,Yağsız (Airfryer),Dokunmatik,1.299,Sinbo,,Plastik,
LED Ekran,1350,Var,Var,"3 - 3,9 lt",Tek,Yağsız (Airfryer),Dokunmatik,1.099,Yasomi,,Plastik,
,2200,Var,,6 lt ve Üzeri,,,,9.399,Philips,,,
Isı Ayarı,1550,Var,Var,,Tek,Yağsız (Airfryer),Mekanik,1.799,Karaca,,Metal,
Isı Ayarı,1200,Var,Var,"5 - 5,9 lt",Tek,Yağsız (Airfryer),Dokunmatik,1.199,Taotronics,Siyah - Gri,Plastik,
,1500,Var,,,,,,1.599,Uniwho,,,
Isı Ayarı,1900,Var,Var,6 lt ve Üzeri,Tek,,Dokunmatik,3.499,Grundig,,Plastik,
,2225,Var,Var,6 lt ve Üzeri,Tek,Yağsız (Airfryer),Dokunmatik,6.199,Philips,Siyah,Plastik,
Isı Ayarı,1350,Var,Var,"4 - 4,9 lt",Tek,Yağsız (Airfryer),Mekanik,1.651,ARZUM,,Plastik,
,1550,Var,,"4 - 4,9 lt",,,,2.999,Philips,,,
Zamanlayıcı,1800,Var,Var,6 lt ve Üzeri,Tek,Yağsız (Airfryer),Dokunmatik,2.499,Yui,,Plastik,
Isı Ayarı,1700,Var,Var,,Tek,Yağsız (Airfryer),Dokunmatik,1.999,Hutt,Gri,Plastik,
LED Ekran,1500,Var,Var,,Tek,Yağsız (Airfryer),Dokunmatik,1.798,Kumtel,,,
Zamanlayıcı,1550,Var,Var,"4 - 4,9 lt",Tek,Yağsız (Airfryer),Mekanik,2.897,Tefal,,,
LED Ekran,1700,Var,Var,6 lt ve Üzeri,Çift,Yağsız (Airfryer),Dokunmatik,2.499,HUTT,Siyah,Plastik,
